index,sentence
0,Ardoaren polifenolari esker odoleko kolesterol on kopurua igo egiten da.
1,"Artearen betebeharra da, eta aldi berean gaitasuna, ideien kondentsazioa."
2,"Bestela esanda, kolore horia berdearekiko gainartzailea zen."
3,Motor unibertsalaren aldaera bat da.
4,Gaur egun aktibo diharduten arroak dira guztiz kontserbatzen direnak.
5,Zuberotartzat jotzen da baina ez da datu segurua.
6,"Orain, kautxua eta turismoa nagusiak dira."
7,Bikoizketa arloan ere egin du lan.
8,Zer moduz bizi zara espainol izateari utzi zenionetik?
9,Biek elkar maite dute eta elkarrekin jokoari aurre egingo diote.
10,Hasieran dena ondo badoa laster agertuko dira lehendabiziko arazoak...
11,Enpresa hiru sailetan banatua dago.
12,"Uhartearen proiektuak ere txikizio handia egingo luke, itsaslabarrak suntsitu."
13,Ondoren Euskal selekzioaren entrenatzailea bilakatu zen.
14,"Baita ere, kontsultatu egiten ditu objektuen antzera abstrakzioen bidez."
15,"Beraz, Marinak bere nortasuna onar dezaten borrokatzen du."
16,Aurrera begira hartu beharreko erabakien eztabaidaran txanda da.
17,Atxikimendua pertsonala zen partiar gerrak eta Egiptoko matxinada irabazi baitzituen.
18,Horietako asko hirian betiko gelditu ziren.
19,"Bertan, azienda-azoka antolatu izan dute urteetan."
20,Sarean hasten zarete idazketa esanguratsuenak egiten.
21,Txikitatik euskal dantzak ikasten aritu da.
22,"Burdinbide-gaiak, metalgintza, ehungintza eta mekanika-industria."
23,Kanpotik etortzen direnean kolonia deritzo.
24,Gizakiek ere bere egin zuten Oihan Beltza.
25,"Musika-lanak, dirudienez oso ugariak, ia guztiak galdu dira."
26,Gorriak eta gorriagoak ezagutu eta igarotzeko dago oraindik.
27,Auzo honetan dago Loiuko herrigunea.
28,"Gatz alkalino horri, orokorrean, xaboi deitzen zaio."
29,Europako txapelketetan ere ohiko taldea bihurtu da.
30,"Estilo klasikoa gorde zuen, ordea, obra horren kanpoaldean."
31,Baserritarren bizi-kalitatea hobetzea nabarmena izan zen.
32,Zazpi minutuko hitzalditik hautatutako esaldiak dira.
33,Gerra zaldia bezala ospetsua bilakatu zen Frantses armadaren aldetik.
34,Generoaren kideak ur gezan bizi dira.
35,Hogei urtetarako hainbat erakusketetan parte hartzeko aukera izan zuen.
36,"Zein iruditzen zaizu, diapositibei begira, aurkezpenik argiena?"
37,"Patroiek, armadak eta Guardia Zibilek lagunduta, errepresio gogorra antolatu zuten."
38,"Bere liburuak euskaraz, gaztelaniaz, frantsesez zein ingelesez idatzi zituen."
39,Guk bakarrik ezagutzen ditugun lekuen izenak eta zenbakiak erabil ditzakegu.
40,Australian eta Ginea Berrian bizi dira.
41,Bere familia artearekin oso lotuta zegoen tradizioz.
42,Frantsesez idazten duen aljeriar idazle handientzat hartzen da.
43,Nire kamera nire buruan dago.
44,Urte hartako abuztuaren bederatziko goizean izan zen.
45,"Eskola ikasketak, berriz, sei urterekin hasi zituen."
46,Henrike Nabigatzailearen hurbileko laguntzaile bat izan zen.
47,Tenperatura jaitsi pil-pila kendu arte.
48,Guztira ehun bat ponpa daude kanalaren lana mantendu ahal izateko.
49,Atzelari indartsu eta kementsua da.
50,"Dropbox bidez fitxategi bat partekatzean, fitxategia Dropboxi partekatzen ari da."
51,"Ongi da, orain goazen ikustera nola hedatzen diren."
52,Sailkapen tradizional honek ez ditu oraingo balioak nahitaez islatzen.
53,Gure ikastetxean ere debekatuta dago horrela janztea ikasgelan.
54,"Portugaldarrek uhartea aurkitu zutenean, ez zuen biztanlerik."
55,Aipatzeko elementu arkitektoniko nagusiak honako hauek dira.
56,"Urbasa karstifikatutako gunea da, hau da, kareharriz sortua da."
57,"Honela, armadaren burua bihurtu zen."
58,"Hango portutik merkataritza-harreman estuak bideratzen dira Errusia, Korea eta Txinarekin."
59,"Hala ere, bere aita zen etxe-burua."
60,Sobera hartzeak ere gantza arterietan pilatzea ekar dezake.
61,Euren herenaitonaren esaldi bat euskaratzeagatik ez didate dirurik eskatuko.
62,Poesia eta kontakizuna landu zituen bereziki.
63,Hidrogeno urtua kopuru handietan lortu zuen lehenengoa izan zen.
64,"Honek eragin handia izan zuen Frantzia osoan, baita Europan ere."
65,"Aspaldian, gainera, rock instrumentalera erabat lerratu da."
66,Plastikoa egiteko eta gai organikoak sintetizatzeko erabiltzen da batez ere.
67,"Horren arabera, bere obra bi garai desberdindu dira."
68,Oso damututa nago eta badakit badakizula.
69,"Hala ere, ulergarritasuna mantentzeko ez zuten beti egin."
70,Mugimendu feministak maitasunaren gaia modu etiko batean landu du.
71,Agirrek galdera deserosoa bota du piztutako elkartasunaz.
72,"Urbanizazio prozesuaren ondorioz, euskaldun gehienak hirietan bizi dira."
73,Euskal Herriko Unibertsitatean Arte Ederretan lizentziatua da.
74,Hainbat taldetako ikaslek bere iruzkinekin bloga osatu egiten zuten.
75,Oman eta Arabiar Emirerri Batuetan bizi dira.
76,Renferen Adif konpainiak ustiatzen du.
77,Tranbia sarrerako atea heldu zen.
78,Munduko xake Txapelketa antolatzen du.
79,Beroaldi globalak badu klase sozialen berri.
80,"Abuztu hasieran atxilotu zuten, eta Ondarretako espetxean giltzapetu."
81,"Udalerria, lau auzo nagusik osatzen dute."
82,"Bertan jardun zuen hil arte, eguneko zutabe bat idatziz."
83,"Horrelako hainbat figura direnean, multzoari konpartsa esaten zaio."
84,"Oro har, hurrengo estatu hauek hartzen dituela jotzen da."
85,"Elite intelektualak, hala ere, gaztelania eta frantsesa menperatzen ohi ditu."
86,"Hiletan, Julio Zesar ilobak hitzaldi ederra eskaini zion."
87,Bide beretik mintzatu zen Estitxu Eizagirre ere.
88,Bertan hitz egiten den hizkuntza nagusia frantsesa da.
89,"Jaiotzez madrildarra den arren, Aragoin bizi da."
90,"Txirrindularitzaren arloan, Milan-San Remo lasterketa klasikoa nazioartean oso ezaguna da."
91,"Armada talde bat, armada batean era daitekeen unitaterik handiena da."
92,Euskal filologian liburu eta artikulu zenbaiten egilea da.
93,Minerita dokumentala egiteko ideia nola sortu zitzaizun?
94,Ur kirolak ere egin daitezke inguruko ibai eta aintziretan.
95,Eskualdean bira eginez ongizatera bidaiatzea da gaurko ihesbidea.
96,"Barruko atomoek, erlazio errepikakorrak erakusten dituzte ere."
97,Baliteke beraz Euskal Herriko mendebaldera hedatua izatea ere.
98,Bilboko musika bandan jotzen du.
99,Hostoetan sokak egiteko erabiltzen diren zuntz gogorrak ditu.
100,"Geroztik, urtero ospatzen da irailaren erdialdean."
101,Bi garai geologikoen artean kokaturik dagoen aztarnategia da.
102,"Amazonas ibaira isurtzen da, ezkerraldetik, uharteak eta aintzirak eratuz."
103,Deitu ezazu Kai ea bera bakarrik etortzeko gai den.
104,Kultur sorkuntza dirudunen menpe egon ez dadin sortu dira abangoardiak.
105,Hiru urte zituenean aita galdu zuen.
106,"Jesusen Lagundiaren aiten egoitza gertu zegoen, hortik izena."
107,Hamazortzi urterekin idazten hasten da.
108,Ukitzen banauzu salatu egingo zaitut.
109,"Azaltzen dutenez, instituzioetatik hainbestetan errepikatzen zitzaien."
110,"Maria, izatez, larriki gaixo dago."
111,Poni hauek beste aldetik arabiar zaldiekin nahastu dituzte.
112,"Beste iturri batzuk, aldiz, egoera guztiz kontrakoa zela diote."
113,Lastima batzuek erakusten duten errespetu falta.
114,"Antzezlea izateaz gain, irakasle lanetan ere aritzen da."
115,"Eta era berean, pentsatu nuen."
116,Urtean bi labore eskaintza egiten zuten.
117,"Beti ere, uda amaieran herria berriz ere espainiarren esku zegoen."
118,Gerra Zibilaren garaian politikan esku hartu zuen.
119,Dinastiako erregeen ondorengoak errege ziren.
120,Bertako itsaskiak eta sagardoa ere ezagunak dira.
121,Nafar Herriaren Batasunak hiru lortu zituen.
122,"Prestakuntza-aldia bukatuta, Europan zehar bidaiatu zuen, garai guztietako artea ikusiz."
123,Kasu batzuetan badaude mankomunitate baten parte ez diren udalerriak.
124,Euskaldunak eta godoen artean etengabeko istiluak daude.
125,Lanbide Heziketa eta oinarrizko bestelako ikasketak ere eskaintzen dituzte.
126,Horregatik entzuten da hain musika klasiko gutxi irrati orokorretan?
127,Fenomenoa beste hizkuntzetan ere gertatzen da.
128,"Orozkon esaterako, Barandikaren parrokian, aurre-ikastaro sozial batzuk antolatu zituzten."
129,Etimologiaren ikuspegitik elizbarrutian Elizaren legeak bete daitezela kontrolatu behar du.
130,Zipreko lehen mailan lortu duen posturik hoberena hirugarrena da.
131,"Tankea alde guztietatik, hegoaldetik izan ezik, zutabez inguratuta zegoen."
132,"Zerbait esan zidan, baina xehetasunik gabe."
133,"Idatzi blog honetan bertan, zer ikasi nahi duzun adieraziz."
134,Edo beste era batera aldizkarian bertan.
135,Anarkismoaren hurbileko posizio politikoak izan zituen.
136,Miranda Ebroko barruti judizialaren menpe dago.
137,"Gainera, erremate errepertorio zabala zuen."
138,"Ameriketara itzulita, bakardade-giroan bizi izan zen, izadiarekiko oreka betean."
139,"Entzefalo enborrean kokatzen da, zehazki zubian."
140,"Aldaera horietatik kanpo, bi txalo-mota oso ezagunak dira."
141,Taldeen futbol zelaien diseinatzailea ere izan zelarik.
142,Ehun helduen artean espezializazio mailarik txikiena du.
143,"Bost urtez preso izan zen, tortura izugarriak jasaten."
144,Hiru gunetan banatzen da Nepalgo Erdialdeko eskualdea.
145,Udako Euskal Unibertsitateko idazkari nagusia da Ane Sarasua Aranberri.
146,Kongresuan Bizkaiko arduraduna aukeratu zuten.
147,"Gaur egun, dorre hau, Pragako toki turistiko bat da."
148,Danimarkako eraikin gotiko handiena eta ederrenetakoa kontsideratzen da.
149,"Gaitzak larruazala, nerbio-sistema eta barrunbeak jotzen ditu."
150,Azken hauteskundeetan zerrenda bozkatuena izatea lortu zuten.
151,Baztan haraneko dorretxe zaharrenetakoa da.
152,Mendiaren aprobetxamenduaren gaineko auziak jasotzen dituzten dokumentuz gainezka ditugu agiritegiak.
153,"Herriko albisteak, erreportajeak, historia, kirolak... jasotzen dira bertan."
154,Caracaseko komisariako krimenen aurkako sailaren ardurapean utzi dute kasua.
155,Kanpoaldean aparkalekua eta taxi geralekua daude.
156,Europan zegoen berpizkundeko gaztelu handiena zen orduan.
157,Suitzan ere ireki zuen beste bat.
158,"Soria, Duero ibaiaren goiko atalean kokatuta dago."
159,Geroztik beste ehun eta gehiago atzerritar hil zituen.
160,Estonbak froga hauek zalantzan jarri ditu.
161,"Administratiboki Frantziako Pirinio Garaiak departamenduan dago, Okzitania eskualdean."
162,Kornubierarentzat onarpen ofiziala lortze aldera aurrerapauso garrantzitsua izan da.
163,"Gogorrena, ordea, Europar Batasunetik datorkigu."
164,Baimena ematen dietenean esaten ari dira.
165,Ozeano tropikal eta azpitropikaletan bizi dira.
166,"Hil dezaten eskatu die, baina ingurukoak ez diote jaramonik egiten."
167,Zeresanik ez botoen erdia galdu duen Geroa Bairentzat.
168,"Ondorioz, gabezia ez-ohikoa izaten da."
169,Artikulu horrek eragin handia izan zuen geometria diferentzialaren arloan.
170,Bere jarraitzaileek Bakearen aldeko Nobel Sarirako proposatu zuten.
171,"Berehala, mekanismo ezezagun batek altxatu egiten du sarea."
172,Hego Hemisferioan alderantziz gertatzen da.
173,Abesti konposaketan oso emankorra izan zen.
174,Talde txikietan elkartu ohi dira.
175,"Errege honen jatorriak, oraindik ilun jarraitzen du."
176,"Geroago, harekin borroka egin eta galdu zuen."
177,Kontatuko didazu zer den Pilota Girls?
178,Oraingo formula askotan formula horrela adierazten da.
179,"Erositako alearekin batera, zein eskubide erosi duzu?"
180,Gotzainak ez zituen torturaren arrastoak ikusi nahi izan.
181,Baionan eta Parisen egin zituen margolaritza-ikasketak.
182,Aurreiritziek eta han-hemenka irakur daitezkeen zenbait iruzkinek neskak urrundu dituzte.
183,Ikastolak eragile sozial izan behar baitira.
184,Azken urteak saio filosofikoak idazten eman zituen.
185,Gizarte mugimenduetan oso pertsona ezaguna zen.
186,Aurrez aurreko zeinua Leo du.
187,Nire ikasleetatik ehuneko lau bakarrik animatu da.
188,Trenbidearen eraikuntzak garrantzi demografiko handia izan zuen.
189,Horregatik uste da udalaren enkarguz egindakoa dela.
190,Errele bat elektrikoki eragiten den etengailu bat da.
191,"Etxebizitza, eraikinaren Ekialdeko lehen solairuan dago."
192,Nola ibili zara mundutik beti bizikletaz?
193,"Dakigun bezala, ordenamendu juridikoan hainbat arau jasotzen dira."
194,"Hitza italierazko jatorria du, non edo gudua hitzetik erakarri zuten."
195,"Filologia klasiko, arkeologia eta historiako ikasketak egin zituen, Madrilen."
196,"Europako herrialde askotan ezagunak dira, batez ere futbol arloan."
197,Aurkikuntza honek hormonen ekoizpen sintetikoa ahalbidetu zuen.
198,"Hala ere, eleberria eta filma ez dira guztiz berdinak."
199,"Bilboko hirugarren barrutian kokatuta dago, Otxarkoaga-Txurdinagako barrutian alegia."
200,"Gelan sartu eta berehala, garondoan tiro egiten zuten."
201,Bietan transmisio uhin elektromagnetikoen bidez burutzen da.
202,Bere izena bere aurkitzailearen omenezkoa da.
203,Monumentu historiko ugari eta museoak ditu.
204,Bere semea herrialdeko independentziaren alde borrokatu zuen.
205,Sortu zen eta gaur egun guraso-kooperatiba batek kudeatzen du.
206,"Zati bakoitzean, leiho txiki bat dago ia karratua."
207,Kataluniako Biltzar Nazionalak hainbat pertsonaren babesa jaso du.
208,Pelaio Asturietakoaren semea izan zen.
209,Egia da asko erakutsi didala erizaintzak.
210,"Laugarren taldea ziklo konbinatua da, eta martxan dago."
211,Noiz hasi zinen kateak sentitzen?
212,Munduaren sorreran kaosaren uretatik irtena uste zen.
213,Edukia Artizarraren araberako egutegia omen da.
214,"Hauek, gameto emea sortzen dute."
215,Hainbat barietate erabiltzen dira aukeratu dituzte hostoak dituen koloreengatik.
216,Zer kontatu nahi dut nik benetan?
217,"Bestela, zuk zeuk sortu beharko duzu artikulu berria."
218,Sari asko jaso zituen Frantzian.
219,"Orduan, Sauronek bere boterea galdu zuen eta desagertu egin zen."
220,"Biek bere botere politiko, ekonomiko eta militarraren interesa zeukaten."
221,"Elkoko ilustratzailearen bineta, justiziaren izaera patriarkala irudikatuz."
222,"Maien aztarnategi asko daude, eta horrek turismoa erakarri du."
223,"Eraikin bakartua da, lorategiz inguratua."
224,"Eta egoera ez da hobea Sri Lankan, tamil etniaren lurraldean."
225,Bereziki ezaguna izan zen bere erretratu eta horma irudiei esker.
226,"Atzoko ume hilak, bihar lurruna, idatz lezake Elorriagak."
227,Biztanleriaren gehiengoak galesera mintzatzen du.
228,Harri Handien Txapelketa ere jokatzen da.
229,Krakovia ondorengo hiriekin senidetuta dago.
230,"Hala ere, urte batzuk geroago nafarrek bere jabetza berreskuratu zuten."
231,Gainera desplazatuekin hainbat ekimen egin dituzte.
232,"Literaturan, estilo garbia da bere ezaugarri nagusia."
233,Nik probatuko dut ea zenbat esaldi kopia ditzakedan wiki-orri honetara.
234,Zein da zuen hurrengo lana?
235,"Amigdalarekin gertatzen den moduan, batzuetan aho-gingilekin nahasten dute."
236,Hitz-elkartuen tipologia eta esanahia desberdintzen da ere hizkuntzatik hizkuntzara.
237,"Eta horien atzetik etorri ziren besteak, egoera irauli zutenak."
238,Arazoa da harreman horren nondik norakoa zehaztea.
239,Alegia-liburuak osorik latinera itzuli zituen lehenengo idazlea izan zen.
240,Prozesioak agertzen dituzten hainbat koadro ere egin zituen garai hartan.
241,Dañobeitiak gogorarazi digu ezkerren eztabaida klasikoa dela.
242,Nahasketa honekin betetzen ziren ardo kopak.
243,Lekuko batek ezetz zioen webgune horretan.
244,"Halaber, beraren eta bere alabaren arteko belaunaldia aztertu zuen."
245,Emakumeen kalterako zirela zioten abadeek.
246,Batez besteko tasak edo ehunekoak kalkulatzeko ere erabiltzen da.
247,Gerra amaitzean Espainiako armada erregularrean koronel kargua lortu zuen.
248,Anjelek ez omen zuen buruz ondo gogoratzen protagonistaren izena.
249,"Amaordeak sasikoa zelako baztertuta, Quitoko Santa Katalina komentuan hartu zuten."
250,"Honek, indarra ematen dio hezur honen gorputzari."
251,Lehiaketa ugaritan parte hartu zuen eta askotan irabazi zuen.
252,Erdian disko biribil bat dute.
253,Neska horien lana jai batetik bestera joatea dirudi.
254,Afrika eta Amerikan bizi dira.
255,"Bere heriotzaren ondorioz negar egin ondoren, bizia itzuli zion."
256,Orban Gorri Handia nahikoa handia da Lurra bere barnean sartzeko.
257,Antzinaroan Poseidon eta Afroditaren santutegi ezagunagatik ezagutzen zen.
258,Esku bateko zainean kateterra sartu eta bihotzeraino eraman zuen.
259,Helburua Euskal Herriko ikurrina irabaztea da.
260,Denda handietarako eta beste diseinatzaileentzako lanak egiten hasi zen.
261,Kaukasoko nazio txiki baten independentzia prozesua.
262,Bi ataleko nabe bakarra dauka elizak.
263,Denboraren poderioz kultuzko filma bilakatu zen.
264,"Jaio zen herrixkan bizi da, guraso, familia eta Fatima emaztearekin."
265,Ez naiz ez katoliko ez protestante; izatekotan katilukoa.
266,Faila-blokeen arteko mugimenduak marruskadura eragiten du faila-planoan.
267,"Ardoa, zuria zein beltza, taninoak ditu bere baitan."
268,Baldintza objektiboak Oiartzunen eta eskualdeko leku askotan daude.
269,"Kamerun, Nigeria eta Ekuatore Ginean bizi dira."
270,"Zortzigarren bukatu zuen eta horrenbestez, diploma olinpikoa lortu zuen."
271,Zu beti berandu heltzen diren horietakoa zara.
272,Balio handiko tresna diagnostikoa da odol-analisia.
273,Frantziako gobernuak enpresa nazionalizatu egin zuten.
274,Gizarteko hainbat sailetako eragileak eta ordezkariak biltzen dira bertan.
275,"Toki berean, aurretik beste dorre bat zegoen."
276,Hortik omen dator hiriaren izena.
277,Droga honek tonu orokorra suspertzen du eta ulermena hobetzen du.
278,Hurrengo mendeetan hiri burgesa bihurtu zen.
279,Hona hemen leinu eta generoak.
280,Diada egunez enegarren indar erakustaldia egin du Kataluniako mugimendu independentistak.
281,Bi interesgune zituen: umeak eta euskara.
282,"Bere tokian, itxura berdineko eraikin berria altxatu da."
283,Bilbon jaioa bada ere Gasteizen bizi izan da txikitatik.
284,"Bere tontorrean, azken jainko honi eskainitako tenplu bat zegoen."
285,"Baina batez ere, erresonantzia kutxa handi bat izango zen seminarioa."
286,Urte hauetan Norvegiako erresumak bere luzera handiena lortu zuen.
287,Ekialdeko Enperadoreak zein Galiako erregeak ere honela onartu zuten.
288,"Jendea mugitzen ari da, bakoitza bere parte hartzeko moduan."
289,Bere izena Angola herrialdeagatik jasotzen du.
290,Eduardo Txillida donostiar eskultorearen omenezko izena darama.
291,"Bertan ibilaldi, hitzaldi, lantegi eta kontzertuak egiten dira."
292,Bere eraikuntza mendez-mende burutu zen.
293,Barnean hiru espezie baino ez ditu.
294,"Garai hartakoak dira, hain zuzen, harlanduzko hormak eta egurrezko egitura."
295,"Zuzenbidean lizentziaduna da, eta gizarte-politikan eta gizarte-zerbitzuetan aditua."
296,Hiru aliota espezie Euskal Herrian bizi dira.
297,Hirurogeita hamalau urte zituela hil omen zen madarikazio baten ondorioz.
298,"Mendi honen tontorrean, postontzi bat eta hiru mugarri daude."
299,Bigarren zatia geroago eliza katolikoak jarritako osaketa da.
300,"Bigarren hau izan zen hoberena lehenengo fasean, hala ere."
301,"Hau da, bi lauki alde batera eta bat horrekiko elkarzut."
302,"Bestetik, arrazakeria barruan sartuta darama zenbaitek."
303,Edo aurten bertan Europako Kontseiluko Giza Eskubideen Goi mailako Batzordea.
304,"Hura beti liburu irakurtzen-eta bai, baina ez oso gizon praktikoa."
305,"Horra, baina, Espainiako selekzioarekin joan ginen lau pilotari euskaldun."
306,Mugikortasun akademikoko sarearen sorkuntza hezkuntza sistemaren aldaketen ondorioa da.
307,Lanbidez Haur Hezkuntzako irakaslea da.
308,Munduko beste hainbat lekutan industriala baino ez dute jaten.
309,Minbizi mota batzuk oso hilkorrak dira.
310,Aldizkariaren azken orrietarako ere erreserbatu dugu berrikuntzarik.
311,Abestia zubereraz idatzita dago eta hala abesten da.
312,"Gero, bi urtez, institutuko irakasle izan zen."
313,Madrilgo Errege Jauregian jardun zuen.
314,"Horretarako, ekuazio diferentzialak eta deribatu partzialak aztertu zituen."
315,Diskoagatik berrogeita hamabost bat euro eskatu zizkioten.
316,Eta Aldundiak ez du ezer egiten horiek eragozteko.
317,Martinen izpiritu sortzaileak ez du inoiz behera egin.
318,Bere kantuagatik da ezaguna urretxindorra.
319,Dokumentuan Anuk-ek abuztuan izan zuen atxiloketaren berri eman zuen.
320,Nafarroa etorbidea eta San Frantzisko kalearen arteko kantoian dago.
321,"Kontzeptua hobeto ulertzeko, hainbat azalpen emango dira."
322,Leioako mugan Santi Mami baseliza dago.
323,"Ikasturtearen azken txanpa honetan, guztiok gaude neka-neka eginda."
324,"Eleberriak, olerkiak eta saioak ere landu izan ditu."
325,Geltokiaren kanpoaldean Bizkaibus zerbitzua hornitzen dituzten bi autobus geraleku daude.
326,Estilo honen ezaugarri nagusia apaingarrien ugaritasuna da.
327,"Horren ondorioz, neskaren babesgabetasuna indartu egiten da."
328,Eta onddo ziztrin batzuek ireki dizkigute begiak.
329,Baina hori ez zen nahikoa behin-behineko patentea berritu ahal izateko.
330,Zuzenbide Estatuak helburu bezala du Giza Eskubideak bermatzea.
331,"Baina beltzak ez zituzten jazarri sistematikoki, juduak edo ijitoak bezala."
332,Eneko Ezkerra Haro leinukoa izan zen.
333,"Ez zen Legebiltzarrera joan ere egin, osasun arazoak zirela-eta."
334,Amerikan bizi dira guztiak eta lurrean zein zuhaitzetan bizi daitezke.
335,Ez dugu dirua atzera eskatzeko asmorik.
336,Politikan ere hartu zuen parte.
337,Etxebizitzak betetzen du eraikinaren hego-mendebaldeko aldeko behe-solairua eta lehen solairua.
338,Bere jatorria zein den ezezaguna da.
339,Gero hala deitu zieten dinastia honetako erregeei.
340,Euria eta elurra ugaria izaten da abendua eta maiatza bitartean.
341,Ehiztari-mamuak heriotza izan daitezke ala maitagarriak.
342,Hizkuntza askotara itzulia izan zen.
343,"Hil zenean, Germaniako tribu guztiak erresuma bakar batean bilduta zeuden."
344,"Halere, kontzeptuak hedapen zabala izan du."
345,Bigarren Bankuari baimena emateko argudio nagusietako bat egonkortasuna zen.
346,Animalia familia bakoitzean hortzeria ezberdina denez aldaketak egon daitezke.
347,Txinako Herri Errepublikak ofizialki onartzen duen gutxiengo etnikoetako bat da.
348,Feniziarren garaiko arrastoak aurki litezke hirian.
349,Europar taldeen artean ordea ez zuen interes handirik piztu.
350,Barrualdean ere baselizak bitxikeria dezente erakusten ditu.
351,Aitzakiok egunez egun baliogabetu ditu Erdoganek bere filtrazioekin.
352,Tratamenduari begira nahiko logikoak dira guztiak.
353,Hegoaldean harresiz inguraturiko lorategia oraindik mantentzen da.
354,Kristalen egiturari buruzko lanak egin zituen batez ere.
355,Bilboko eta Parisko Arte Ederretako Eskoletan egin zituen ikasketak.
356,"Galdera nagusia, beraz, ondorengoa da."
357,"Gerrak aurrera egin ahala, karlisten taldean bi multzo agertu ziren."
358,Azken urteotan eraldatze sakon baten lekuko izan dira.
359,Bi hilabetean behin argitaratzen da.
360,Tenplua eta bere objektuak ikertzen jarraitzen da.
361,Filosofia eta Letretan lizentziatura ikasi zuen.
362,"Tamaina eta erabilera asko izan ditzake: eraikuntza, militarra eta abar."
363,Linea honetako ibilbidea oso zaila zen.
364,Mugimendua adierazteko trebetasuna du ezaugarri nagusietako bat.
365,Normalean hipertrofiarekin batera izaten da.
366,Herrialde serioa garela eta talde indartsua dugula.
367,"Ekonomia ikasi ondoren, Arabako Foru Aldundian lan egin zuen."
368,Bi penintsula luzeren artean kokatzen da.
369,Sukaldeko lanetan erabiltzen ohi dira.
370,Dagoeneko hamaika aldiz erabili dudan trikimailua da.
371,Taldeak beti demokratikoki egin du lan.
372,Dokumentalak egin zituen batez ere.
373,"Kausa bakoitza, borroka bakoitza, bere esparrutxora mugatzen da."
374,"Politikan sartu aurretik, legegizon-lana egin zuen Pauen."
375,Leo zeinuaren aldiarekin bat dator gutxi gorabehera.
376,"Gero, Hezkuntzako Psikologia Masterra egin zuen."
377,"Hauek, Txinako, Mongoliako eta Mantxuriako baso hotzetan bizi dira."
378,Manifestua ez zen oso urrutira iritsi hurrengo bi hamarkadetan.
379,Belazea zeharkatu eta pagadian sartuko gara berriz ere.
380,"Euren bizi esparrua latitude altuetan zegoen, poloetatik gertu."
381,Nafarroako hirugarren futbol talde zaharrena kontsideratzen da.
382,"Bere aburuz, sistema penalari hainbeste garrantzi ematean baitago akatsa."
383,Ur gezatan ere badira hainbat espezie.
384,"Alboan, beste txikiago batzuk ditu, itxura berekoak."
385,Taldeak erantzun gisa izen horixe hartu zuen.
386,"Gainera, izen horrekin izan dira zenbait errege eta jaun ere."
387,Sobietar Batasunaren amaiera eta nazio eraikuntza.
388,Osakidetzako murrizketengatik kritikatu zuten sindikatuek.
389,Biztanle gehienak hiriburuan bizi dira.
390,Gizateriaren historian ohikoa izan bi pertsona baino gehiago elkarrekin lurperatzea.
391,Ez ditu buruz ikasitako esaldiak behin eta berriro errepikatzen.
392,Gero beste begi batzuekin ikusiko du.
393,Garai haietan goseteak eta atzerapena ziren nagusi.
394,Eraikinaren aurrealdea armarri bat ikusgai dago.
395,Biarritzeko taldeak denboraldi oso ona egiten du.
396,"Bai, eta jarraituko du izaten."
397,Bere obra guztia latinez idatzia da.
398,Mila bederatziehun eta laurogeita hemeretzian hasi zinen antzerkian?
399,Armadarekin bat egin behar izan zuen.
400,Hitzak asmatu eta musikarekin bateratu egiten dituzte.
401,Loreak hori kolorekoak eta monoikoak dira.
402,"Askotan Zabala auzoarekin bat eginik agertzen da, Zabala-Belendiz toponimoa erabiliz."
403,Despopulazio-prozesua dela-eta herrixka erabat hutsik geratu zen.
404,San Leonardok honako udalerri hauekin egiten du muga.
405,"Bere karrera politikoa, oso gazte hasi zuen."
406,"Zentsu modernoan, Egiptoko herritarrak dira."
407,Filosofiako irakasle gisa jardun zuen Manilan.
408,"Tomas Jauregi gipuzkoarra izan zen, bestetik, erretaula nagusiaren egilea."
409,"Bere aitak tailer mekaniko bat dauka, eta ama ile-apaintzailea da."
410,Turismoa gero eta garrantzi gehiago hartzen ari da.
411,Seme-alabak Errusiara bidali zituen ikastera.
412,"Antzezten bai, baina umorea egiten ikusi zaitut batez ere."
413,"Iruñean, erremonteak indar handia du."
414,"Euskal Herria fartsa delako, noski, Aznarrek gaztigatu bezala."
415,"Beraz, hemendik eskatuko diegu hezkuntzako arduradun guztiei ordenagailu bana."
416,Erreferentzia bakarra gure ikasleek beraiek ematen ziguten.
417,Araba eta Bizkaian zituen bulegoak.
418,Garbi dago zaldia ez dela eskualde hartako berezko aberea.
419,"Bere propietate oxidatzaileak direla eta, laborategian erreaktibo oso erabilia da."
420,Gerra bukatu arte itxaron behar izan zuen argitaratzeko.
421,Garrantzi handiko karguak izan ditu Eliza Katolikoaren baitan.
422,"Herrialdeko hiru hiriburuetako bat da, botere betearazlea hor baitago."
423,Bisitariek historian murgiltzeko aukera ere izanen dute gune natural honetan.
424,Donibane Garazi ondorengo herri eta hiriekin senidetuta dago.
425,Neskatoak gertatutakoa gaitzetsi eta etxera alde egiten du.
426,Konturatu orduko dozenaka esaldi idatzi ditugu.
427,Estatuaren erdialdea nahiko gune menditsua da.
428,"Bestalde, arrisku egoerak adierazteko ere balio du."
429,Medikuntza fakultatean anatomia eta fisiologia ikastaroak egin zituen.
430,Espezie horiek esporak askatuz ugaltzen dira eta txandakako ugalketa dute.
431,"Elizaren hondarren azpian, erromatarren garaiko aztarnak topatu zituzten."
432,Eraldatzeko borondatea edo trebetasuna duen izpiritu edo hitza?
433,Eskarmentua duen norbait ondoan izateak asko laguntzen du.
434,"Mundu Gerran, Sobietar Batasunaren alde eta Alemania naziaren kontra."
435,Santa Maria kalean honako eraikin nabarmenak daude.
436,Oporretan egiten diren tontakeria horietako bat.
437,Sinbolikoki bandera honek Marteren etorkizuna adierazi nahi du.
438,Erregearen aurka borrokatu zen hil arte.
439,Beheko grafikoan urriaren bira arteko datuak erakusten dira.
440,"Katalanez, gazteleraz, portugesez eta galizieraz abesturiko kantuak batzen ditu."
441,"Bai, zeren gehiago identifikatzen naiz pertsonaiekin, sentimendu unibertsalagoak dira."
442,Erdi Aroan ehungintza izan zuen jarduera ekonomikorik garrantzitsuena.
443,Dragoi Bola animea telebistarako mangaren moldaketa da.
444,"Gora borroka feminista, hori izan zen Iruñeko bilkurako oihu indartsuenetakoa."
445,"Perkusioa ikasi zuen Parisko Kontserbatorioan, eta orkestra-zuzendaritza gero."
446,"Hori ez da haginak garbitzeko eskuila, amaren orrazia baizik."
447,"Gaztelua ez zen berreraiki, eta, ondorioz, hondakinetan geratu zen."
448,Hiri nagusiak izen bera du.
449,Arroak petrolio eta gas natural depositu handiak ditu.
450,Lehen greziar idazleek Sibila bakarra aipatzen dute.
451,Lehen urteetan zaila izan zen trenbidea eraikitzeko inbertsioari buelta ematea.
452,Toki horien inguruan kondaira asko sortu dira.
453,"Behin hori adostuta, zer egin behar den oso teknikoa da."
454,"Guztiarekin ere, hil ondoren, independentziaren heroitzat hartua izan zen."
455,Erabakien onespenerako nahikoa dute gehiengo sinplea.
456,Abiadura Handiko Trenaren proiektuak joa dago.
457,Epaile pribatuek honela menderatu dute estatua.
458,Hitzaren etimologia ez dago oso garbi.
459,"Erromes-maskor handiaren antzekoa, Galizian oso preziatua da jateko."
460,Zer iruditzen zaizu Belakok egin duen azkena?
461,Gerra finantzatzeko erabili zituen talde islamistak pilatutako baliabideak.
462,Ekialdeko fatxada asimetrikoa da eta hiru gorputz desberdinek osatzen dute.
463,Pobrezia mota honek oztopatu egiten du ekonomia eta gizartearen garapena.
464,"Hain zuzen ere, izen berdineko Forondako atea kalean kokatua dago."
465,"Honek, gainera, harresiaren ateetako bi lotzen zituen."
466,"Hitzartutako ezkontza izan arren, aski senar-emazte zoriontsuak izan ziren."
467,Nahasketa horri azukrea edo edulkoratzailea ere gehitu ohi zaio.
468,"Aita aldetik errusiar-judutar jatorria du, amaren aldetik berriz jamaikar-afrikarra."
469,Ezaugarri hauengatik segurtasun arloan erabiliena bilakatu da.
470,Lan horrek ere Euskal Herrian oihartzun txikia izan zuen.
471,"Bere testamentuan, erlikiak gurtzeko baseliza bat eraikitzea eskatu zuen."
472,Bigarren Mundu Gerrako zerbitzuek ospe handia ekarri zioten.
473,Dena albo batera uztearen izenean?
474,Bestalde Europan populatu gabeko eremu handienaren atea da Kiruna.
475,"Baina, egitura hori ez da bat-batean eskumenez osatuko."
476,Orain arte eraikitako lan guztiak Australian egin ditu.
477,Lehen solairua bizitzeko solairua da.
478,"Tomas, bere semea, musikagile eta zuzendaria da orobat."
479,"Udalerriaren topografia oso malkartsua da, gorabehera askorekin."
480,Nolako harremanak eraiki elkarren artean?
481,Margolan hau Madrilgo El Prado museoan da.
482,"Laster, hirugarren etapa, maglia arrosa janztea lortu zuen."
483,Haren idatziek informazio ugari eman dute budismoaren lehen garaiez.
484,Jatorria etxeen eta jauregien arkitekturan du.
485,Gerra multzo honetan kokatzen da Konbentzioaren Gerra.
486,Basauriko saioa lehenengo finalaurrekoa izan zen.
487,Eskasten ari da pinu beltza.
488,Antiguo auzoan eraiki zuten El Leon fabrika.
489,"Aurpegi, esku eta hanketako ileak beltzak ditu; gainerakoa horixka da."
490,"Saxoniako Polizia, Saxoniako Barne Ministerioak kudeatzen du."
491,Ordutik mendi sakratua izan da.
492,Bertako zuzendari eta irakasle izan da sortu zenetik.
493,Udal hauteskundeak baino bi egun lehenago egin zen.
494,"Nabigatzaile hori gaztelaniaz erabili behar zen hasieran, halabeharrez."
495,Parisko Komunako kide izan zen.
496,"Etxe-zahar hau, Erdi Aroan, apezpikuaren erresidentzia izan zen."
497,Kale honen inguruan honako eraikin eta leku nabarmenak daude.
498,"Artxiboetan, gainera, ez da horien arrastorik aurkitu."
499,Gerra Zibilean bertatik pasa ziren erbestera zihoazen hainbat errepublikano.
500,Pirinio eta Alpeak ohiko lekuak dira Europa mailan.
501,"Abside hirukoitza du, arkuekin apainduta."
502,Zaude segur euskarak iraunen duela.
503,"Argitaratu zen astean, Espainiako disko salduena izatea lortu zuen."
504,"Hasieran kargua behin-behinekoa izan zen, gatazkaren bat zegoen bitartean."
505,"Berez, armarria azteken kondaira batean oinarrituta dago."
506,Haize horrek dunak sortzen ditu gainazalean.
507,"Konstituzio honek eraginkorra, gardena eta demokratikoa izan behar zuen."
508,Auziaren oihartzuna ere ez zen makala izan.
509,Badira aldi baterako erakusketak ere.
510,"Gertaera haren ondoren, haren karrera ez zen askorik luzatu."
511,Nahiko handi eta iluna da.
512,"Soldatarik ezean, langile atzerritarrek ihes egin zuten."
513,Kanpoaldean sinbolo erlijiosorik ez duen eraikina da.
514,Sekulako iskanbila sortu da zezena kafetegian sartu denean.
515,Bere olerki askok Finlandiako landa giroa erakusten dute.
516,Triangelu itxura duen eta luzetara zabaltzen den uhartea dugu.
517,Nola eman zieten egurra katolikoek protestanteei?
518,"Gerora, Madrilen, Kimika Zientzietan lizentziatu zen."
519,Eskuin hegaleko postuan jokatzen du Sansen.
520,Honetaz gain lau barruti ditu.
521,Hauteskunde hauen deialdia ere Nafarroako lehendakariari dagokio.
522,"Paperean argitaratuta, Espainia osoan banatzen da."
523,Bi mila eta hamabostean jendartea ehuntzea zuten helburu.
524,Bere erabilera jatea edo edatea izan ohi da.
525,"Erroman, Madrilen eta Parisen egin zituen pinturako ikasketak."
526,Une hartatik ekintza mota honek arrakasta izan du.
527,"Somorrostro Harana, Bizkaia, Euskal Herria."
528,"Funtsean, begi-globoko odol-uharrean oinarritzen da."
529,Ikasgeletan hamaika ordenagailu sartzea ez litzateke hain erraza izango.
530,Elizarekiko harremanak estutu eta arabiarren aurka borrokatu zen.
531,Erdilari-aurrelari moduan jokatu izan zuen.
532,"Horren ordainetan, Garaipenaren duke titulua jaso zuen."
533,Gero Gipuzkoako Ahaldun Nagusi hautatu zuten.
534,Bere bertso zuriak ospe handia eman zion.
535,Erbestean dagoenean bere izena zikinduko da.
536,"Jarduera hauei esker, bere garaiko munduko emakumerik aberatsenetakoa zen."
537,Zabalgune bakarra baino ez du puntu erdiko arku forman.
538,Ekilore olioa munduan gehien kontsumitzen den laugarren landare olioa da.
539,"Sistema ekonomikoak dira, esaterako, feudalismoa, kapitalismoa eta sozialismoa."
540,Jainkosaren identitate desberdinak azaldu dute espezialistek; hauek dira zabalduenak.
541,Urtea bukatu baino lehen platinozko hiru disko lortu zituen.
542,"Lehen bazen arriskutsua, oraingo hauek erabat moderno eta seguruak dira."
543,"Eta handik irten eta Zeanurira nahi nuen berriro, arrazoi bategatik."
544,Txiste onak kontatzen ditu mozkortuta ez dagoenean.
545,Kartagora itzuli zenean hil zuten.
546,Anaerobio fakultatiboak dira eta ez dira mugitzen.
547,"Baita ere, laborategi lanak aipatu behar ditugu hemen."
548,Idatzi iruzkinak jartzen duen tokian.
549,Eraikinak gorputz bakarreko laukizuzen itxurako egitura du.
550,"Diseinatzaileak, normalean, gero eta sendoera gutxiagoko telebistak egiten saiatzen dira."
551,Erakundeak oso eragin handia izan zuen.
552,"Osagai nagusiak barazkiak dira, askotan okelarekin prestatzen dituztenak."
553,Mendilerroan dagoen Lerga udalerriak ematen dio izena mendilerroari.
554,Aurkikuntza horiek meskitaren hegoaldean egin ziren.
555,"Erriberrin jaio arren, bost urte zituelarik Tuterara joan zen bizitzera."
556,Trantsizio zonaldea oso konplexua da.
557,Brasilgo Futbol Liga eta Brasilgo futbol selekzio nazionala antolatzen ditu.
558,"Planeta sistemaren bizitza-zonan dago, edo gertu, izarraren benetako tamainaren arabera."
559,Ostean ehunen berotzea eta sendatzea ikertzen hasi zen.
560,"Finean, sistema politiko osoa aldatu baino, eboluzionatu zezan nahi zuten."
561,Napoleondar Gerren ondoren Prusia nagusitu zen.
562,Teknika horren desabantaila nagusia kamera askeak erabiltzeko garaian ageri zen.
563,"Emeek egingo zituzten lehen sexu-hurbilketak, eta bortxaketa ez-ohikoa litzateke."
564,Errepide eta burdinbideen gune garrantzitsua da.
565,"Herriaren hegoaldeko sarreran dago, Jasokundeko Andre Mariaren elizaren alboan."
566,Eragin handia izan du poesia modernoan.
567,Magoak truko ederra egin du baina zu ez zeunden begira!
568,Santanderko traineru bat ere aritu zen ekitaldi honetan.
569,Portadaren hegoaldean dagoen fatxadako inskripzioak ematen digu ermitaren eraikitze-dataren berri.
570,"Egun, hurbilen dituen hizkuntzak armeniera eta indo-iraniar hizkuntzak dira."
571,"Beste batzuk, hotza eta egun laburrak baliatzen dituzte zikloa osatzeko."
572,Lizarrako Estatutuaren aurka aritu zen.
573,"Beste iturri batzuen arabera, hiru graduraino ere irits liteke."
574,"Atenas eta Erromara bidaiatu zuen, betiere ikasteko eta irakasteko grinarekin."
575,"Esan daiteke, beraz, kafe hori txarragoa dela eta oso garestia."
576,Famatua da bere palmondo basoa.
577,Mundu globalizatu honetan gure kultura eta hizkuntza gordetzeko tresna da.
578,Eta ez dakit nondik joan nintzen ere.
579,Metalezko aleazioak eratzeko eta zenbait prozesutan katalizatzaile gisa erabiltzen da.
580,"Ezin dut euskara erabili, zuk ez badidazu laguntzen."
581,Matxinada hau Hogeita Hamar Urteko Gerraren hasiera izan zen.
582,Hau izan zen bere bizitzako maitasun-harremanik garrantzitsuena.
583,Ipar-amerikarrek Bigarren Mundu Gerran euskara erabili omen zuten.
584,"Prozesu judizialaren aurretik, iraun bitartean eta ostean informatuta egotea."
585,Ofizialtasunak salbatuko gaituela diote euskaraz bihirik ez dakiten iparraldeko euskualdunek?
586,Baina espetxeak bere izaera aldatuko du.
587,Aurretik Buenos Airesko artzapezpikua izan zen.
588,Tito enparantzan kokatzen dira eraikin aipagarrienak.
589,Norbaitek euskaraz ez badu egiten denok gaztelaniara jotzen dugu.
590,"Ofizialki komunistak izan ziren, hogeigarren mendean, munduko estatu asko."
591,"Dena ondo egonez gero, irteerako portura bidaltzen da."
592,Eusko Alkartasuna Euskal Herria Bildu koalizioan aurkeztu zen.
593,Hiru hilabeteko tartea dute horretarako.
594,Enperadorearen gorteko margolarien familiakoa zen.
595,"Bere istorioa, Eraztunen Jaunaren eranskinetan kontatzen da."
596,Molekula hauek funtsezko zeregina bete zuten biziaren jatorrian.
597,"Gelako lurraldea, oso emankorra, mendebaldera hedatzen zen."
598,"Ondorioz, espeziea duten estatuek haren kontserbaziorako neurriak hartu behar dituzte."
599,Horren bitartez norbanakoaren sexu-ezaugarriak bere genero-nortasunarekin bat etortzea lortzen da.
600,Etxearen alokairua lan sozialaren ordainetan.
601,"Ondorioz, Frantzia iparraldean, Poliziak operazio zabal bat hasi zuen."
602,"Euskaraz igortzen du, nagusiki zubereraz."
603,Euskal Herriaren gaineko Bruselako Adierazpena sinatu zutenetakoa da.
604,Nola heldu naiz ni honaino.
605,Bezeroek sistema batetik bestera aldatzeko askatasuna izan dezaten.
606,Ministroak eta gobernuburua beren ekintzen erantzule dira parlamentuaren aurrean.
607,Larru leuna dute eta ile luze gris-marroia.
608,Batzar honetan Aste Santuaren datak zehaztu ziren.
609,Europan demokrazia ahuldu egin zen.
610,"Saio hauek telebista-saio arrunten luzera izan dezakete, ordu erdi ingurukoa."
611,Trikuharriak eta kastro herrixka zaharrak eraiki zituzten.
612,Liburu hau trilogia baten zati da.
613,"Goi Egipto, Amonen Apaiz Gorenaren esku geratzen zen."
614,Emakumezko santuari santa deitzen zaio.
615,"Hernaniko Galarreta frontoian, astero jokatzen dira erremonte partidak."
616,"Bat batean, asto bilakatuko da, bere arima gordez betiere."
617,Zigortutakoak hamar urtez utzi behar izaten zuen hiria.
618,Bigarren mailan zebilen lehenengo taldea izan zen Kopa irabazten zuena.
619,Arraunketa elkarte bezala hasi bazen ere errugbi taldearengatik da ezaguna.
620,Hona hemen egun onarturiko sailkapena.
621,Beste hainbat arrazoi daude nerbio honen kaltea eragiten dutenak.
622,Bertan aurki daiteke Oltzeko jauregia.
623,"Bilbon jaioa, Zuzenbidea eta Ekonomia zientziak ikasi zituen Deustuko Unibertsitatean."
624,Hala ere base ahula da.
625,"Egipto eta Sirian, antzerako teknika bat ezagutzen zen oso antzinatik."
626,Azken urteotan erreferentzia bihurtu da eta bisitari ugari jasotzen ditu.
627,Gure hezkuntza sistema kanpotik ebaluatzea beharrezkoa zen.
628,Errepublika eta demokrazia berreskuratu behar ziren.
629,Nola izan liteke posible horrelakorik?
630,Komuna hauek aldi berean beste hainbat auzotan banatzen dira.
631,"Antza, jokoa garaiko mahai-jolas ezagun batean oinarritu zen."
632,Lege hau Espainian eta Europan aitzindaria izan zen.
633,Landareetan agertzen diren zomorro txikiak dira.
634,Lehorrean bizitzeko arrautza garatu dute.
635,Ezker Batua-Berdeak alderdiko kidea ere izan zen.
636,"Hasieratik amaierara, oholtzako beste kideen gainetik aritu zen Bartra."
637,"Negutegi batean mota askotako aktibitateak egiten dira: erakusketak, kontzertuak, tailerrak."
638,"Zehazki, Burlata, Uharte, Sarriguren eta Mendillorri."
639,"Azpimarratzekoa da, ordea, terraza moduko solairuak eta sabai lauak dituela."
640,Bilatzailean bilatzen ari zaren hitza jarri.
641,Orduan joko zital bati hasiera emango zaio.
642,"Frantsesez, ingelesez eta alemanez idatzi zuen."
643,Barnean Gazteluko Ama Birjinaren erromaniko estiloko irudia gordetzen da.
644,Luzerna konderriak kilometro koadro ditu.
645,Bertoko txirrindularirik ospetsuenetariko bat izan zen.
646,Muturra eta hegalak beltzak ditu.
647,"Hori dela eta, debekatuta dago bere erabilpena umeetan."
648,Formazioak bi osagai hartu behar ditu aintzat.
649,"Bavaria estatuan kokatuta dago, barrutian."
650,"Hala, aurreko hilabeteetan egindako lan politikoaren traktore bihurtu zen."
651,"Deustuko Unibertsitatean zuzenbidean lizentziaturik, abokatu-ekonomialaria eta idazlea da."
652,Zaraitzu ibaiak herria zeharkatzen du.
653,"Lorearen petaloak, estiloa eta estigma lehortu egiten dira gehienetan."
654,"Gerora, futbol sekzio hori desagertu egin zen."
655,Eraikinaren alboan Euskotren Tranbiaren Europa geltokia dago.
656,"Bere izena, bere gurasoen izenen konbinaketa bat da."
657,"Boise hiriburuan, batez ere, nabarmena da euskaldunen pisua."
658,Munduko zirkuituan dabilen euskal herritar surflari bakarretakoa da.
659,Zinemara joatea liburutegira joatea baino gehiago gustatzen zait.
660,Euskaltasuna Manuel Lekuonaren bidez ezagutu zuen apaiztegian.
661,Filosofia eta Letretan lizentziaduna da.
662,Ponpa honek organismoaren zelula guztietan dihardu.
663,"Hiriko ekonomia-jarduera nagusiak, lantegiak, merkataritza, zerbitzuak eta turismoa dira."
664,Logaritmo- eta trigonometria-taula berriak eginarazi zituen.
665,"Ozeano Atlantikoaren eta Ozeano Artikoaren artean dago, Amerikako kontinentean."
666,Pertsonen arteko transmisioa oso urria da.
667,Emandako ordena batetik ordena berri bat sortzeko modu asko daude.
668,"Bere baliokidea greziar mitologian, Hefesto da."
669,Herriko eraikinik garrantzitsuenen artean San Pedroko parrokia nabarmentzen da.
670,Tontorrik altuena Anboto bera da.
671,Natura parkearen barruan lorategi botanikoa dago.
672,Ekialde Hurbilean eta Afrikaren iparraldean bizi dira.
673,Eusko Jaurlaritzako Bakegintza eta Elkarbizitzarako Zuzendaritzak agindutako.
674,Dokumentala estreinatu eta gutxira sexua berresleitzeko ebakuntza jaso zuen.
675,Txikitatik erakutsi zituen fosilak biltzeko joera eta marrazkiak egiteko gaitasuna.
676,Eska iezaiozu ikaskide bati eta irakasleari berriro zuzentzeko.
677,"Herriko jaiak irailaren hirugarren asteburuan ospatzen dituzte, Done Jakueren omenez."
678,"Laukoteak, arrakastaren gailurrean, taldea desegitea erabaki zuen, arrazoi jakinik gabe."
679,Norbaitek baliogabetu nahi bazaitu elefante zuria oparitzen dizula.
680,Erro kubo erreal funtzioa bakoitia da.
681,"Eiakulazioa bera baino, garrantzitsuena da gaitasun hori egon badagoela jakitea."
682,Apaiztu zenean Bartolomeo izena hartu zuen.
683,"Ezpatak Brontze Aroan sortu ziren, dagatik garatuta."
684,"Afrikako kolonizazioa adostu zenean, Europako herrialdeen artean banatu zen kontinentea."
685,Gaixotasun hau agertzen denean azkura sortzen da begian.
686,Euskal ahozko tradizioan ziri-bertso asko ekoiztu izan dira.
687,"Kuotak kuota, orijinaltasunaren saria merezi duzu."
688,Azken bi hauek Galar Zendeako kontzejuak dira.
689,Estudioko musikagileek jo zuten bere ordez.
690,"Bere arkitekturari dagokionez, nabarmen agertzen da paisaia barne-espazioetara erakartzeko asmoa."
691,"Bertan, industriagunea eta hainbat industria eta negozio txiki daude."
692,Etxerako lanak bai ala ez?
693,Kideak espetxeratu eta torturatu dituzte.
694,"Bertan, hirien demografia-arazoei eta garapen industrialari konponbideak bilatzen saiatu zen."
695,Gaztelaniaz idatzi zituen bere lanak.
696,Ohorezko Legioaren zalduna ere bada.
697,Barne Mongoliako eskualde autonomoaren berezko egiturak dira.
698,Auzia epaitegietara eraman zuen arren ez zuen mantentzearen helburua lortu.
699,Gerra Zibilak kalte handiak ekarri zizkion taldeari.
700,Honela esaten dira zenbakiak aldaera batzuetan.
701,"Panama, Ekuador eta Kolonbian bizi dira."
702,Gomezek Aldundiaren jokabidea salatu du.
703,"Bilbora baino lehen, handik pasatzen zen propaganda."
704,"Kanpoan, hainbat ekitaldi sinboliko egin zituzten."
705,Portua maiatzetik abendura egoten da irekita.
706,Eraikin handietan harrizkoak izan ohi dira eta eraikin txikietan zeramikazkoak.
707,Eleberriak zehar dekadentzia giroa da nagusi.
708,Egunero esnatzen garelako gaude bizirik.
709,"Gaur egun merkatuan erabilienak diren ordenagailuak, ordenagailu eramangarriak dira."
710,Ekialde Ertaineko herrialde gehienetan Bigarren Mundu Gerraren ostean aitortu zen.
711,Berrogeita hamalau urtez izan zen abesbatzaren zuzendari.
712,"Era berean, organismo bizidunetan metatzen dela uste da."
713,Hiriko zubi mendebaldekoena da eta hirigunetik urrunen dagoena.
714,Baita gizon eta emakumeen emankortasuna hobetzeko ere.
715,Ikastetxeek eta familiek jasoko dituzte txostenak.
716,Esparterok errepresio gogorra agindu zuen.
717,Afrikan soldadu zebilela hasi zen bertsoak idazten.
718,"Esaterako, altzairua bere osagai nagusia den burdina baino gogorragoa da."
719,"Hau da, bakarrik uhin-luzera batzuk neurtzeko sortua da."
720,"Parisen bizi izan zen lehenengo, Madrilen ondoren."
721,"Gure Richardek, esate baterako, aplikazio horri esker zerbait ikasiko du."
722,Goizean goiz armada karlista ere martxan zegoen.
723,Haren kokapen zehatza ezezaguna da.
724,"Arrantza, oso zabaldua dagoen ekintza da ibai honetan."
725,Garaipen bakarra du bere palmaresean.
726,Erdi puntuko hiru arku ditu eta erdikoa oso garaia da.
727,Dirudienez antzina askoz zabalagoa zen euren bizi-esparrua.
728,Eskola publikoek gainontzekoa betetzen dute.
729,"Kale Nagusian, okindegiak formatu bera izanen zuen garai batean."
730,Lehen Etiopiar ekozona izena zuen.
731,"Honekin batera doa elementu psikologiko bat, atsegin izateko borondatea."
732,Zuon iritzia irakurri nahi luke.
733,Esanahi sinboliko eta erlijiosoa izan ditu.
734,Elantxobeko portua txikia baina polita da.
735,Oso harrera eta kritika txarrak izan zituen.
736,"Erreferentziak askoz gutxiago zirenean, horiek askoz ere presenteago zeuden."
737,Danubio ibaiak eta honen ibaiadarrek bereizten dute barruti hau.
738,"Hamaika herrialdek hartu zuten parte, aurreko edizioan baino bat gehiagok."
739,Kolore zein beste hainbat ezaugarri dagokienez itxura ezberdinetakoak.
740,Zer idatzi ote dudan irailean ekin nionetik hona.
741,Baina egungo ereduaren egokitasuna zalantzan jartzen dute gehienek.
742,Gaztela eta Leongo Juntaren gaineko kontrola du.
743,Hamarratzak zortzi garro ditu eta hiru bihotz.
744,Itzulpena gehi ohar berri batzuk egin eta erregistratu ahal da.
745,Hiri osoa lehertu beharrean zegoen.
746,Bost urte geroago bigarren mailako txapela jantzi zuen.
747,Herri xehearen historia lanengatik ezaguna.
748,Londresen espainiar etorkinekin lanean ari zela sartu zen sindikatuan.
749,Andra Mari hori Serbiako babeslea da.
750,Kalifornia Beherea estatuan kokatua dago.
751,"Gero hedabideetan hasi zen lanean, irratian, kirol-kazetari gisa."
752,Hainbat euskal nahiz erdal abeslari famatu eman ditu Euskal Herriak.
753,Ondoren irakasle jardun zuen seminarioan eta Europan zehar bidaiatu.
754,Gehienbat baserri giroa burutu ohi zen.
755,Gazte-gaztetatik irakurle amorratua izan zen.
756,Turkia eta Maroko egiten ari dira orain lan zikin hori.
757,Osasunaren Mundu Erakundeak baztangaren aurka prestatutako programaren azken fasearen zuzendaria.
758,"Zure erabiltzaile izena ikusiko da, publikoa izango da."
759,"Gerraz gero, gudarosteak esku handia izan du Paraguaiko gobernuan."
760,Herriko berezko hizkuntza katalana da.
761,"Hortik dator, filmaren beste gai garrantzitsuetako bat, arrakastaren balioa."
762,"Larrua, ilea dela eta, oso aintzat hartua da jantziak egiteko."
763,Bere funtzioen artean ondokoak daude.
764,Azpijoko ugari izanen dira hura ordezkatzeko.
765,Edozeri buruz idatz dezakegula esan digu.
766,Barne Produktu Gordinaren erdia dohainik ematen diogu kapitalismoari.
767,Frantziatik herrialde askotara zabaldu zen ohitura.
768,Egin itzazu proba horiek gaseosarekin ez cavarekin.
769,"Abando auzoko Albia lorategian dago, Sabin Etxearen alboan."
770,Estrategia eraginkorra definitu eta bideratu behar dugu bestalde.
771,"Oraindik ere, dozenaka pertsona desagerturik daude."
772,Prozesuaren alderdi horrek batez ere kontrako jarrera ugari piztu ditu.
773,Ebro eta Duero ibaien haranen artean kokatuta dago.
774,Bere margolanak oso ezagunak dira mundu mailan.
775,"Heltzen denean, mamia mikatza da."
776,Pertsona batek edozein hezitzailerik gabe ikas dezake.
777,"Ama, berriz, Robin du izena."
778,Bi kazetariek Europa eta Afrika zeharkatuko dute kondearen bila.
779,Hiru barruti harresitu ditu; bigarrenak
780,Baita tximista eta trumoia harekin lotzen ziren ere.
781,Turismoa eta laborantza dira ekonomia jarduera nagusiak.
782,"Ondoren, gehien trukatzen diren dibisen izendapenak zehazten dira."
783,"Gaua da eta, etxeratzean, telebista piztu duzu."
784,Familia eta kuadrilla girorako leku txukuna da.
785,Kondairak dio golkoak urteak egunak dituen beste uharte dituela.
786,Gerra Zibila hastean errepublikaren legezkotasuna defendatu zuen.
787,Hamaika Bide Elkartearen sortzailea eta partaidea izan zen.
788,"Zubi Hau, Esne Bidearekin lotua ere izan da."
789,Bere tenplu guztiei dohaintza handiak egin zituen.
790,"Era berean, monumentu bat zaintzen ari zen soldadua hil zen."
791,Nongo janaria izan da zuretzat gustukoena?
792,Amets eta Maddalen Arzallus bertsolari ezagunen aita da.
793,"Bi taldek hartu dute parte Lehen Mailan, biak nafarrak."
794,Teknika horiei esker aurrerapen handiak egin dira maiztasun erradioaktiboen ezagutzan.
795,Bere izena jarri zitzaion zeren oinarrizko xaflaren goialdean jartzen zen.
796,"Orduan, Madrilen konstituzioa onartu zen, legez Espainia berdintzen zuena."
797,Suediak urte bateko eten baten ostean bueltatu zen.
798,"Ez da patogeno hertsia, oportunista baizik."
799,"Goizeko lehen ekitaldietatik iluntzera, jendetza bildu zen eguzki sistema horretan."
800,Bi egunetan Balmasedako herritarrek Jesusen azken orduak antzezten dituzte.
801,"Burmuina edo pankrea erakusteko, adibidez, ez dira baliagarriak."
802,"Beraz, gutxitutako hizkuntzaren hiztunak euren etxean atzerritar bihurtzen dira."
803,"Garai horretan, Estatu Batuetako hiritartasuna hartu zuen."
804,Guztiok telefonoetan argazki kamera digitalak darabiltzagu.
805,"Eraikina Dubai Marina gunean dago, hirian eraikitako kirol porturik handienean."
806,"Bere literatura-lanez gainera, lan zientifiko ugari argitaratu du."
807,Baina Satanek lortu zuen denak konbentzitzea.
808,Honako barazki hauetan aurkitzen da.
809,"Esaterako garraio publikoa, posta eta telefono zerbitzuak."
810,Erregeak Gipuzkoako Komandantzia Nagusiko ardura eman zion.
811,Egunero joan ohi zen bertara.
812,"Hala ere, honen ondoren hainbat disko kaleratuak izan ziren."
813,Handik bi urtera hasi zen orkestra-zuzendari gisa.
814,Erdi Aroan izen bereko konderriaren hiriburua zen.
815,"Ordenantza horren aurka, herri plataforma bat osatu zen."
816,"Irungo Lakaxita gaztetxean, iritsi berria informazioa irakurtzen."
817,Elizaren fatxada nagusia erromaniko estiloko da.
818,Zerrenda horri Kote Cabezudo argazkilariarena gehitu behar diogu ezinbestean.
819,Baso lehorretan bizi dira eta jarduera gauean zehar garatzen dute.
820,"Harresiaren parean zegoen, hirigunearen defentsari laguntzeko."
821,Parisen badira beste hiru asiar komunitate txikiago.
822,"Horregatik, Balmaseda merkataritza eta aduana leku garrantzitsua bilakatu zen."
823,"Uhartetxo batzuk hutsik daude, eta kobazulo handiak dituzte."
824,"Hegoaldean, norabide berean, Orbaizeta eta Otsagabia herri nafarrak ditugu."
825,"Urumea ibaia zeharkatuz, Egia, Loiola eta Loiolako Erriberak auzoak elkarlotuz."
826,Asiako hego-ekialdean dagoen bosgarren mendirik altuena da.
827,Gaur egun Ramiro Gonzalez da Arabako Ahaldun Nagusia.
828,Atzelari moduan jokatu izan zuen.
829,"Horretaz gain poloniera, grekoa eta italieraz hitz egiten zuen."
830,"Horrez gain, beste esanahi batzuk izan ditzake."
831,Satitsu arruntak sei azpiespezie ditu.
832,Musika tresnak eta erloju mekaniko bat irudikatzen ditu.
833,"Orduan, erbesteko gobernu monarkikoarekin adostu zuten Jugoslavia Federal Demokratikoaren sorrera."
834,Harri gris eta marroiak erabili zituzten eraikuntzan.
835,Piano txikiak eta kontzertuetarako piano handiak egin zituen.
836,Erbestetik itzulita ezagutarazi zuen bere burua idazle gisa.
837,Bertan Japonian bizi izan zituen lan gorabeherak kontatzen ditu.
838,Ekonomia eta lege-ikasketak egin zituen Andeetako Unibertsitatean.
839,"Horrez gain, Frantziako Arkitektura Akademiak urrezko domina eman zion."
840,"Dinastian, bere gurtza, hirugarren tarteko aroan berrindartu zelarik."
841,Baina hipotesi hau ez da ehuneko ehunean egiaztatu.
842,Inoiz ingurumen kalteengatik konpainia bati ezarritako isunik handiena zen.
843,Bere ikuspegitik kontatzen ditu gertaerak.
844,"Barne zatiketak, ordea, hustar mugimendua ahuldu zuen."
845,Litekeena bezala hartzen da errege hau borrokan hil izana.
846,Toxikoen eraginez zenbait herri hutsik geratu dira.
847,Elikagaiak eta sendagaiak ematen dizkio baserriak bere buruari.
848,"Halaber, Euskaltzain urgazlea ere ba da."
849,"Baina, guzti horietatik, bizirik, soilik gutxi batzuk jarraitu zuten."
850,"Mea-industriaz eta kimika-industriaz arduratu zen, batez ere."
851,Litekeena da bere osabak tronutik kendu izana.
852,Baionako Lizeoan ikasi eta Bordelen goi-mailako ikasketak burutu zituen.
853,Betiere tartean euskara egongo da.
854,Egunkarian eta Berrian artikuluak idatzi ditu.
855,Hitz horiek ez dute inongo tradiziorik espainolez.
856,Amerika eta Asiako hegoalde eta hego-ekialdean bizi dira.
857,"Zurtoinaren azala leuna, grisaxka eta zartatua da."
858,Fruta usaina dauka eta zapore azido samarra.
859,San Fernando Arte Ederretako Akademiako kide izan zen.
860,Bost urte zituelarik aita galdu zuen.
861,Peruko armadan lotinant koronel izatera iritsi zen.
862,"Zapore mingots dute, uraza arrunta baino gogorragoa."
863,"Umearen generoa, umearen jaiotze data, dena jakin nahi dute."
864,Jendea hurbiltzeko bidea ere badira.
865,Honako elikagai hauetan aurkitzen da ugarien.
866,Ezker erdilari postuan jokatzen zuen.
867,"Adibidez, pentsa dezagun komunitate batean gaixotasun bat hedatzen ari dela."
868,Euskal Herriko futbol selekzioarekin partida bi jokatu zituen.
869,"Batak, hanka ukitu eta esan zuen."
870,Jendearen gehiengoa eremu honetan bizi da.
871,Beste iturri Antzinako Greziako estiloak izan ziren.
872,Hamalau urtez izan zen independente Korsika.
873,Amamari deituko diozu gaur gauean.
874,Beste herrialdeetako esperientzien bermea du.
875,Bere loreak udaberrian eta fruituak udazkenean agertzen dira.
876,"Hortik aurrera, erlojuaren kontrako probetan nabarmendu zen."
877,"Hurrengo urtean berrogei, eta hurrengo urtean hogei aktore."
878,Bere barietate etxekotua azenarioa da.
879,Horrek Paraguaiko eraikinik garaiena bihurtzen du.
880,Ziurrenik ezagutuko duzue baina badaezpada zuekin partekatzea bururatu zait.
881,Nafarroako irristaketa federazioak sei irristaketa mota ditu.
882,"Heste-mugimenduak erregulatzeaz gain, hainbat gaixotasun izateko arriskua gutxitzen du."
883,Harrezkero hainbat saioetan aritu da.
884,Handik Agatoklesen kontrako erasoak antolatzen zituen.
885,"Ardi latxa, piriniotar behi eta Aurizko zaldi ugari dago."
886,Herriko tabernetako kontuak blokeatu zituzten eta jabegoak bahitu.
887,Bakterioak eta bestelako partikula organikoak ere jaten dituzte.
888,Mekako eskualdearen hiriburu administratiboa da.
889,Bengalako tigrea bizi da bertan.
890,Naziek mundua menderatzea nahi zuten baina ezin izan zuten.
891,Hegazti askorentzat elikagai garrantzitsuak dira.
892,"Generoari dagokionez, emakumezkoak dira erabiltzaile gehienak."
893,Gelaren osagaiak ura eta gatz ionikoak dira.
894,Euren lorpenik handiena Lepantoko guduan garaipena lortzea izan zen.
895,"Gizarte osoa zelatapean jartzea?, galdetzen du kazetari beteranoak."
896,Gaur egun ikusgai dauden egitura aipagarriak honako hauek dira.
897,Gaur egun monasterioaren alde batzuk berreskuratzen ari dira.
898,Itxialdia ez zuten egunetik biharamunera pentsatu.
899,Isturitzetik Etiopian barrena errezitaldiaren kronika.
900,"Dena dela, marrazkia zehaztasun guztiez egina dago."
901,Polemikak denbora luzea iraun zuen.
902,Gutxiengo nabarmena dira Turkian eta Libanoko iparraldean ere.
903,"Bizkaitar artista honentzat, mitologia belaunaldiz belaunaldi transmititu den ondarea da."
904,Berauek historia eta kronologia desberdina dute.
905,Afrika eta Latinoamerika herrialdeak ditu bere lana burutzeko esparru nagusiak.
906,"Albiste-kazetari orokorrak, ordea, arrisku batzuk hartzen dituzte."
907,"Bere baitan jokalekua bera, etxebizitzak eta saltokiak hartzen ditu."
908,Errealismo magikoaren adibidea da estiloaren aldetik.
909,"Zelula zilindriko eta bizidunak, bertikalki pareta bidez bereiziak dira."
910,"Hala ere, azkenean helburu hori ez zuen lortu."
911,Elkarte honek munduko lehen aldizkari homosexual erregularra kaleratu zuen.
912,Gerra ondoko berrikuntza giroan hazi zen.
913,"Arrisku galanta izan zen hura, eremu hori oso korapilatsua baitzen."
914,"Eta, hala ere, sortu beharra dago."
915,Bularreko minbiziaren arriskua ere jaisten du.
916,Familia honek tamaina handiko zuhaitzak hartzen ditu.
917,Testuak editatuko ditut termino arraroak ordezkatzeko.
918,"Gaur egun, beldurrezko zinemazaleen artean kultuzko filmaren estatusa bereganatu du."
919,"Bide honen amaieran, beste bidegurutze bat dago."
920,Teoria honen oinarria egitura elektronikoan dago.
921,Ez esan gezurrik bestela damutuko zarete.
922,Brasilgo kolpe ezti batek uhinak zabalduko ditu munduan.
923,Horren ondorioz ukipen-bitarrek itxura arraroak izaten dituzte.
924,Orain gerrako krimen bezala hartuko dira kontuan.
925,"Hala ere, sistema politikoarekiko gizarte-talde zabalen deserosotasuna handitu zen."
926,Jaurtitzailerik onena ere ezin da haraino heldu.
927,Laster ospetsu bilakatu zen mundu osoan zehar.
928,Probatu duenak badaki zein ona den.
929,Euskal Herrian gertatutako azken aurreko atentatu hilgarria izan zen.
930,Harena estatu batean bihurtu zen beste estatu baten barruan.
931,Lehenengo Gerra Punikoan askotan aipatzen da hiria.
932,"Segoviako probintzian kokaturik dago, Segovia hiritik kilometro gutxira."
933,"Lehen bezeroa izanik, ondo moldatzen dira eta lagun bihurtzen dira."
934,Bi mila eta hamalauan hainbat ekintzailek tranbia geratu zuten.
935,Berehala beste guztiak irten ziren.
936,"Zer ote da, beraz, posible ez dena, eta zergatik?"
937,"Egun honetan, zaldien lasterketak antzerki bihurtzen dira."
938,Talde hura Fronte Zabalaren barnean sartu zen.
939,"Zehar txirula handiaren kasua, berezia da."
940,Normalean eguneko lanari ekin baino lehen hartzen da.
941,"Alboan, burdin-hesiz babestutako lorategia du, bertan zenbait hilarri daude."
942,"Gainera, dentsitatea urarena baino txikiagoa dute."
943,"Erregeak Henrike matxinatu ez zezan, eman zizkion."
944,"Lehoinabarra historian zehar, oso erabilgarria izan da gizakiarentzat."
945,"Ez gara ari toxikotasun akutuaz, kronikoaz baizik."
946,Historian lizentziaduna da Euskal Herriko Unibertsitatean.
947,Asturias zeharkatu eta Galizian bukatzen da.
948,Biltzarrean idazkari nagusi laguntzaile izendatu zuten.
949,Gertuko finantza-historia eta zorra gaietan aditua da.
950,Ingeniaria edo topografo ona izan behar mapa bateko erdigunea aurkitzeko.
951,Manufaktura-industria bigarren mailako jarduera da prefekturako ekonomian.
952,"Kanpoaldetik, itxuraz futbol estadio bat da."
953,Jugoslaviako Liga sisteman hirugarren eta bigarren mailen artean aritu zen.
954,Erantzun militarra handia eta azkarra izan zen.
955,Eskuz edo makinaz bil daitezke.
956,Gaur egun gehienetan hinduismoa jarraitzen duenari esaten zaio.
957,"Haatik, egungo eskubide publikoan egitura batzuk badaude zuen eskakizunei erantzuteko."
958,Alaskako golkoan dagoen erloju-orratzen noranzkoaren aurkako biraren parte bat da.
959,"Guztira hamalau kilometroko luzera du, horietatik zortzi tunelak dira."
960,Unibertsoaren hasieratik gaur arteko historia laburturik jendarteratzeko zientzia-kazetaritza lana da.
961,Arteak eta letrak bultzatu zituen.
962,Bere erreinaldian Leongo Forua aldarrikatu zuen.
963,"Hala ere, emaitzak ez dira argigarriak."
964,Croupierrak nahi zuenean geldiarazten zuen gurpila botoi bat sakatuta.
965,Azken urteetan urtarrilaren hasieran jokatu izan da.
966,Entzima hau oso sentikorra da oxigenoarekiko.
967,Afrika Erdiko Telekomunikazio Elkarteak kudeatzen du.
968,Hondarribiko abade-etxean bizi izan zen harrezkero.
969,Neguan izoztu ere egin daiteke aintzira.
970,Munduan zehar Suediako herritarrak eta suediar jatorria duenak daude.
971,Badago gure herrian lan txukunagoak egiten dituzten langileak.
972,Margolanean neska bat uretan sartzeko momentuan ikusten dugu.
973,Hona hemen trenbidea erabili zuten tren-makinen zerrenda.
974,Biografiak irakurtzeko ez ditugu testuliburu garestiak erosiko.
975,Kopa eta Superkopa irabazi ditu.
976,Geltokiak aduana kontrolaren funtzioa zuen.
977,"Ziurra da, gainera, Karlistaldietan gotorleku bat eraiki zela bertan."
978,Bizitzaren azken urteetan loteria saltzaile aritu zen.
979,Haranaren ekonomia abeltzaintzan du oinarri.
980,Bolsonaroren buru ekonomikoa den Paolo Guedesek disimulurik gabe iragarri du.
981,"Mikrobiologian aldiz, mikroorganismoen ereinketarako erabiltzen da, estaltzeko erraza delako."
982,"Memoria galtzen hasita nago, baina."
983,Ur azpian ere lehor mantentzen den materiala.
984,"Hamabost neba-arrebaren artean zortzigarrena, Donapaleun jaio zen."
985,Bere izena Herbehereen izen latindarragatik jasotzen du.
986,Nekazari askok beren tresnak deuseztatu eta galera handiak eragin zituzten.
987,Niri gehien gustatzen zaidan kirola esku-pilota da eta zen.
988,Zer erre duzu hona etorri aurretik.
989,"Txalo bakoitzaren esanahiaz jabetzen zara, isilune bakoitzak dakarren emozioaz..."
990,"Pertsonaiak egiteari utzi eta bakarrizketak egiten hasi, zeuretik abiatuta."
991,"Baserri gehienak auzoko lurren iparraldean daude, herrigunearen hegoaldean."
992,Gaur egun ematen du eraikuntzak ez zuela gehiegi iraun.
993,Hamarka olerki eta zazpi eliz-kanta eginda utzi zituen.
994,Zuzenbidea eta musika ikasi zituen.
995,"Ez da erraza azaltzen, berben aukeraketarekin daukalako zerikusia."
996,"Matematika gaitasuna eta zientzia, teknologia, osasunerako gaitasuna neurtu dira."
997,Aro baten akabantzaren bezperan gaude.
998,Gartzea Enekoitz erregearen bigarren emaztea zen.
999,"Hotsa, suntsipena eta naturaz gaindiko ekaitzen indarra irudikatzen ditu."
