,sentence
0,La Biblioteca Museu Víctor Balaguer conserva obres seves.
1,És quan erro que m'ofego.
2,He d'anar del carrer A als jardins de Can Castelló.
3,"Les fulles són grans, llargues i molt dentades."
4,Té un petit campanar d'espadanya al capdamunt de la façana.
5,Es troba a Taiwan i a les illes Hawaii.
6,Són originàries d'Euràsia i d'Àfrica del nord.
7,El partit es presentà a diverses eleccions locals.
8,Igualment la pràctica de l'instrument ha experimentat un increment notable.
9,Es van llançar diverses sondes per a explorar la Lluna.
10,L'efecte de la memòria addicional va tenir resultats variats.
11,La seva mare era irlandesa.
12,També solen ser vistos volant sobre erms.
13,El seu origen es qüestiona.
14,El conjunt és molt proporcionat.
15,Es considera el pare de la historiografia marxista grega.
16,Només és subvencionable la part estrictament vinculada al projecte.
17,Dimarts en Guillem i n'Hug van a Canejan.
18,"Si algú havia vist el crim, s'ho callava."
19,"En aquest sentit, aporten més informació els jaciments arqueològics."
20,Els seus penya-segats alberguen nombroses espècies d'aus marines.
21,La rebotiga del cor de la catedral.
22,És rica en proteïnes i greixos.
23,Sovint se celebren festivals d'èxit durant els anys posteriors.
24,És un endemisme de Califòrnia.
25,És endèmica de Papua Nova Guinea.
26,La seva hibernació té lloc entre octubre i abril-maig.
27,Es troba a l'Àfrica Oriental: el llac Malawi.
28,Quines parades fa l'autobús que va a Igualada?
29,Com ho puc fer per anar a Serinyà dimarts?
30,"Mosques i tàvecs, tots piquen."
31,"Perfecte, i hi ha costos addicionals?"
32,Dijous en Quer i na Fiona aniran al cinema.
33,A l'interior es conserva l'estructura metàl·lica amb l'enteixinat de fusta.
34,El deu d'agost na Nina va a Santa Pau.
35,Demà passat na Cloe anirà al metge.
36,La segona polèmica va arribar a final de gener.
37,Quantes persones han sigut arrestades?
38,Aquí està el pot de la confitura.
39,Furtar fruita de l'hort del veí.
40,Per Sant Jordi na Dúnia anirà a Sarrià de Ter.
41,Dijous na Blanca vol anar d'excursió.
42,"En totes dues novel·les, l'exaltació patriòtica és ben evident."
43,És el seu mateix reflex amb les seves mateixes inquietuds.
44,Dissabte na Cèlia anirà a Xirivella.
45,Però aviat va aparèixer el poder malèfic.
46,Després del relleu retornà al Consell d'Estat.
47,Anar amb preguntes i respostes.
48,M'han ratllat el cotxe aquesta nit.
49,El Zygentoma també va ser ascendit a l'estat d'ordre absolut.
50,Els mitjans de comunicació poden ser públics o privats.
51,L'Sten s'adona que no hi ha res a fer.
52,Les plantes de cultiu obert són irregulars.
53,L’Olga també estava embarassada en aquell moment.
54,A concentracions baixes fa olor d'herba acabada de tallar.
55,Amb aquesta accepció ha arribat a nosaltres.
56,La seva especialitat és la Guerra Civil espanyola i l'exili.
57,Filla de pares tutsis mestres i fervents catòlics.
58,Aquest transbordador em sembla avorrit.
59,"Està situada a Besançon, França."
60,El vint-i-nou de febrer en Sol anirà a Bot.
61,També es pot escriure Liang o Yang en mandarí.
62,Les obertures són fetes amb peces de maó massís.
63,"Feta servir a l'americana, de segona mà."
64,Dimecres na Neida anirà d'excursió.
65,Sabien exactament el que volien.
66,Bellmunt del Priorat és un topònim compost.
67,"Es troba a Bulgària, Grècia, Rússia i Síria."
68,El tracte ha estat correcte en tot moment.
69,"A dia boig, caminant savi."
70,Això no danya la salut.
71,A l'interior hi ha dues versions del programa.
72,Era un músic de talent i va deixar catorze composicions.
73,De quina planta s'alimenten les femelles adultes?
74,La seva llavor principalment la dispersen els ratpenats.
75,Revolucionaris que han acabat exercint de tirans.
76,Té poca decoració i cap inscripció.
77,La còpula i la inseminació són ràpides.
78,Ho va escriure i cantar Steve Diggle.
79,"També estudià a la Universitat d'Edimburg, Escòcia."
80,"Quan s'inicià la Guerra Civil, es trobava disponible a Mallorca."
81,Portal rodó adovellat i tres finestres gòtiques.
82,Aquesta llegenda és evidentment un mite.
83,Els de Bellmunt tenen la gent lluny.
84,Contra l'atzar es vivia prou bé.
85,Constitueixen un dels grups de risc per al fracàs escolar.
86,"Casat, i amb un fill."
87,La mida de les obertures disminueix amb l'alçada.
88,N'existeixen múltiples models al món.
89,Va estar en el número u d'Àustria durant vint-i-una setmanes.
90,La policia sospita que ha estat un crim homòfob.
91,L'oncle Canut sent el repic de les campanes.
92,Finalment va acabar sent envoltat per l'enemic.
93,El nou d'octubre na Lena anirà a Mollerussa.
94,El seu centre d'operacions és l'Aeroport Internacional de Tunis.
95,"L'obra, de pedra, està arrebossada i pintada."
96,És l'acte popular més emblemàtic de la festa.
97,Sant Llorenç d'Hortons és un bon lloc per anar-hi.
98,La Sol li explica la situació.
99,Escala centrada i dos apartaments per planta als pisos.
100,Dilluns na Tanit anirà a Vallibona.
101,Dissabte en Blai anirà a Porrera.
102,El territori coincideix amb el Panjab.
103,Allà va començar a investigar observant el nitrogen en rierols.
104,Dimarts na Rosó i en Bru volen anar a Llançà.
105,Cançó operística amb ressons del Tercer Reich.
106,El solc central de la depressió nasal és relativament estret.
107,Tres-cents vuitanta-tres mil vuit-cents setanta-tres admet una lectura prosaica.
108,Va compondre alguna música per al servei eclesiàstic.
109,Com ho puc fer per anar a Llíria?
110,Dues subespècies germanes reconegudes actualment i estretament relacionades.
111,La festa de les festes.
112,El telescopi farà ús d'òptica adaptativa.
113,Està escrit en forma rondó-sonata.
114,Aquest temple és un dels tipus més bells d'arquitectura coríntia.
115,A continuació hi haurà dues taules rodones.
116,Només s'han trobat restes d'un crani i una mandíbula.
117,Al museu es poden contemplar algunes restes arqueològiques d'aquestes instal·lacions.
118,Probablement és el mateix esmentat també per Tertulià i Eusebi.
119,Segons altres versions fou afusellat per falangistes.
120,De què va ser acusada la justícia federal alemanya?
121,"És molt confusioner, un enredaire."
122,"La perspectiva pot reproduir-se de manera perfecta, sense construcció."
123,África Zamorano és una nedadora nascuda a Barcelona.
124,Culminava així la seva pràctica com a aprenent de comerciant.
125,És la part més vistosa i estava coberta amb volta.
126,La ciutat és la seu de dos aeroports.
127,Però aquesta probabilitat es va complir.
128,Es formen comitès parlamentaris per deliberar llargament sobre assumptes específics.
129,"Que no punxa, desproveït de banyes."
130,Bagà destaca per la seva rica cuina catalana.
131,Visca les persones com cal!
132,Per Sant Jordi en Xavi va a Bufali.
133,A quina hora passa el primer autobús per Seròs dijous?
134,Ariadna Castellarnau Arfelis és una escriptora nascuda a Lleida.
135,Els ancilòstoms habiten al sud de Califòrnia.
136,Després es trobava que no podia comprar res.
137,"De llana d'anyell, bon burell."
138,Inicialment la pagesia revoltada va col·laborar amb els pobles bàrbars.
139,L'altra porta es va obrir posteriorment.
140,Diumenge na Farners anirà d'excursió.
141,"No hi ha barber mut, ni músic tossut."
142,El cos d'aigua que tanca s'anomena badia de Dungeness.
143,Viuen en zones humides normalment amb poca profunditat.
144,En acabat de sopar anirem al casino.
145,Un colós de la ciència.
146,I aquest home extraordinari va tornar a agafar el bolígraf.
147,A Ucraïna se celebra més d'un campionat de futbol.
148,Com puc arribar al jardí dels Tarongers número vuitanta-u?
149,És la primera persona que ve a Catalunya?
150,La parella té una posició concreta.
151,L'Sten no pot evitar sentir un cert orgull republicà.
152,L'escut del municipi fa referència a l'antiga família noble.
153,És allò que en dèiem excedent.
154,En l'actualitat s'usa àmpliament com a sala d'exposicions.
155,El Vaticà ha reconegut dos miracles.
156,"De fet, els costos de penjar-ho tendeixen a zero."
157,Són la colla estrangera que ha assolit les millors fites.
158,El riu és considerat sagrat.
159,També va exercir nombrosos i importants càrrecs governamentals.
160,"Després d'una setmana d'acció, el govern va cedir."
161,Així no heu perdut el fil.
162,Fem mal i no ho notem.
163,M'agradaria anar a Bellcaire d'Empordà amb bicicleta.
164,El poble rural té uns masos històrics interessants.
165,Cada jugador pertany a una de les deu faccions.
166,La font és una surgència natural i raja molt rarament.
167,Aquesta figura és de color vermell-castany i vermell.
168,Què ha trobat un banyista a l'aigua?
169,Diumenge na Blau anirà a Vila-seca.
170,Qui està malalt que jegui.
171,Va ser nomenat doctor honoris causa per cinc universitats.
172,Les duanes tindran un rol diferent de l’actual.
173,Es troba des del Japó fins a Palau.
174,Algunes pedres de les obres encara es poden veure.
175,Dissabte en Sergi i na Laia aniran a Creixell.
176,El vint-i-tres de maig en Pep anirà al metge.
177,Què hi ha a la plaça de Prosperitat número quaranta?
178,"Sí, la pot contractar aquí mateix."
179,"Tanmateix, pistolers autèntics apareixen a la pel·lícula com a figurants."
180,"La façana, orientada a migdia, dóna a una petita plaça."
181,No es veia com a la majoria dels altres ordinadors.
182,Si vol pot fer la comanda per aquí.
183,"I cagades per inexperiència, també."
184,Al final de la seva vida va quedar-se cec.
185,No és pas per batre cap rècord.
186,"I tu com ho saps, tot això?"
187,La població era de majoria bengalina i parlava el bengalí.
188,Aquesta acció li comportà l'exili a Occitània.
189,Les pèrdues dels bòers van ser considerablement més altes.
190,"Paisatge després de la batalla, titula un periodista."
191,L'estat de conservació general és correcte.
192,Aquesta cançó és també la pista principal del joc.
193,Va escriure diversos llibres didàctics i va compondre música religiosa.
194,Això es pot comprovar ocularment.
195,En aquesta planta hi ha una farmàcia.
196,El terme 'amén' és símbol de confirmació i d'afirmació.
197,La missió de l'Escola Judicial és també doble.
198,La setmana entrant analitzarem els cinc lipogrames.
199,I només cal mirar el nostre entorn.
200,Què hi ha del cardinal dels nombres racionals?
201,El Moisès penja de cap per avall.
202,De la seva època i origen no es coneix res.
203,Mitjançant les ulleres es pot identificar als dos personatges.
204,Fa els seus estudis de música al Conservatori d'Ankara.
205,Té dos pisos i unes golfes.
206,Es van fer diversos models.
207,Durant l'època colonial va ser un important centre agrícola.
208,Darwin és epítom de l'estudiant-atleta.
209,Va conservar certa importància a l'era aquemènida.
210,Quantes firmes de suport té la iniciativa?
211,És al voltant de la circumferència.
212,"Sí, sí, escolti-la, ja ho veurà."
213,Demà en Quel i na Gina volen anar a Amer.
214,El vint-i-nou de febrer na Gemma anirà al cinema.
215,Es troba al Pacífic sud-oriental: les Illes Galápagos.
216,El deu d'agost en Grau vol anar d'excursió.
217,"Com els seus germans, va fer carrera política."
218,Demà na Laura anirà a la platja.
219,L'àudio sense vídeo havia mort.
220,"Aleshores, es refugià a la cova."
221,Més tard es va convertir en professor d'arquitectura.
222,El Ricard hi havia instal·lat una conducció d'aigua.
223,"Pel gener, el caragol carriler."
224,Aquestes fredorades han aflamat el ficus.
225,Em sembla natural que es produeixi.
226,El deu d'agost na Sibil·la anirà a Forallac.
227,El pont té l'obertura principal més llarga del país.
228,Quant de temps feia que no ens vèiem?
229,Els resultats confirmaren la tendència de les eleccions regionals.
230,L'origen del nom no està gaire clar.
231,Demà passat voldrien anar a Xella.
232,Com puc arribar a Palau-solità i Plegamans amb bicicleta?
233,Francesc Grau va ser un escultor nascut a Manresa.
234,L'última sala de la visita comentada és un bar.
235,Drake convenç Kaminsky que hauria d'atemptar contra la Unió Soviètica.
236,"Ara resta pràcticament destruït, només se'n conserva aquest pou."
237,És una banalitat que retrata un dol.
238,Quantes parades té el trajecte en autobús fins a Cadaqués?
239,Per guanyar una campanya cal guanyar-ne tots els escenaris.
240,Quan va ser introduïda la serp arborícola bruna a Guam?
241,La parella es retracta cada vegada.
242,Sense estar abandonada la casa necessita alguns arranjaments.
243,Té trossets de vidre als llavis i els ulls inflats.
244,També serví com a examinador apostòlic pel clergat.
245,Ho vivia com un esquinçament dins la seva família.
246,La goleta al·ludeix al tràfic marítim entre les diverses illes.
247,Com ho puc fer per anar a Terrassa amb tren?
248,Castillo era un crioll descendent d'espanyols.
249,Quins llenguatges de programació suporten els motors?
250,Hi ha una motllura perimetral a l'alçada dels forjats.
251,Els operadors sanitaris t'informaran i orientaran.
252,Aquesta característica es dóna en les embarcacions construïdes a l'Atlàntic.
253,El cap del districte és la sotsprefectura de Pontoise.
254,Hom diu que segresta els nens ficant-los en un sac.
255,La seva memòria és actualment honorada.
256,Tot plegat constitueix una composició ordenada.
257,"Així doncs, l’afer català podria tornar a quedar aparcat."
258,Actualment ningú ocupa aquest càrrec.
259,Sovint les bacines tenien usos religiosos.
260,Podeu llegir l’article sencer ací.
261,Un nombre desconegut de jugadors participaren en la prova.
262,No recomanaria agafar la drecera.
263,Procedeix del Santuari dels Tossals però actualment és guardada aquí.
264,Alguns mitjans ho anunciaran com una dissolució.
265,També reben finançament i subvencions del govern.
266,Les tropes britàniques van actuar immediatament i contundent.
267,Per això explora unes altres vies.
268,Valdre més pessetes que una fàbrica de galetes.
269,Les setze restants no professarien cap religió.
270,L'aventura andalusa tampoc va durar gaire.
271,Què va col·locar Nicolau Maria a cadascun dels costats?
272,Tota l'evidència n'és enterament iconogràfica.
273,Habiten principalment boscos de terres baixes i selves.
274,Presenta branques trencadisses i normalment és una planta dioica.
275,"Només han guanyat sis partits, quatre d'ells a casa."
276,Un gat ros clapat de blanc.
277,No segreguen seda ni cap mena de verí.
278,Els balcons són de ferro treballat.
279,Divendres en Quer anirà al teatre.
280,Com puc anar a la plaça d'Urquinaona número dotze?
281,Del seu matrimoni va tenir un fill i dues filles.
282,"Incidència resolta, el formulari de sol·licitud està totalment operatiu."
283,Exercí d'advocat fins a la seva jubilació.
284,El vint-i-nou de febrer en David anirà al metge.
285,Agredir algú brandant un tac de billar.
286,També hi ha un petit annex a la façana oest.
287,El nou d'octubre en Dídac anirà d'excursió.
288,Alguns hi afegeixen també patates i pastanagues.
289,Per Sant Jordi en Pere vol anar al teatre.
290,Per què no enderroquem l'edifici?
291,Tot el document és interactiu.
292,Per Sant Jordi na Lena vol anar d'excursió.
293,A quina hora passa el primer autobús per Marganell dilluns?
294,"L'índex de malentesos era notable i la tensió, omnipresent."
295,"És soluble en benzè, dietilèter i èter de petroli."
296,S'han identificat tres trams d'uns dos metres de llargada.
297,Dissabte na Nara vol anar al metge.
298,L'obra passarà al domini públic quan els drets patrimonials expirin.
299,Posteriorment es va dedicar a la carrera judicial.
300,"Es troben a Sud-amèrica, Sud-àfrica, Àsia i Austràlia."
301,També prengueren part en la batalla de l'Ebre.
302,Ara entrem en la recta final del procés.
303,Tanmateix no hi ha un acord definitiu entre els estudiosos.
304,Va sofrir d'una ceguesa gairebé total des que va néixer.
305,Diumenge en Cesc anirà a Saldes.
306,Alguns anarcocapitalistes consideren a Molinari el primer defensor de l'anarcocapitalisme.
307,Fou el primer europeu a descobrir les illes Marshall.
308,L'onze de juliol he d'anar a Canovelles amb autobús.
309,Després el peguen amb la porra.
310,Vam repassar les nostres existències en armament.
311,Les decisions d’avui no tenen cap lògica científica.
312,"Que en fa, de fred, a Casserres!"
313,Allò que manca d'olor es denomina inodor.
314,"És una planta verinosa, però s'utilitza en jardineria."
315,"Mentrestant, treballava per pagar les seves pròpies despeses."
316,Quins anys va ser enviada als Estats Units?
317,La ramaderia és sobretot porcina i d'aviram.
318,Ja fa dies que nota la proximitat del sisme.
319,Posteriorment es va convertir en l'Hipòdrom.
320,Demà passat en Ferran i na Neida aniran a Sentmenat.
321,Diumenge na Sira anirà d'excursió.
322,Va arribar a ser un comtat.
323,"A més, ha estat nomenat fill predilecte de la ciutat."
324,L'obra és de maçoneria i exteriorment està arrebossada.
325,Dimecres en Quer i na Fiona aniran al metge.
326,Com ho puc fer per anar a Sabadell amb autobús?
327,Per a aconseguir això es requereixen mecanismes bastant complexos.
328,No es tenen dades en fonts d'arxius d'aquest autor.
329,Per Cap d'Any na Lea vol anar al metge.
330,"Insuficiència cardíaca, renal, hepàtica, coronària."
331,Durant aquests anys també va canviar de nom diverses vegades.
332,Dissabte na Gemma i en Guerau volen anar al teatre.
333,"Políticament, Kanan està involucrat amb la Lliga Antidifamació."
334,A la zona abunden roques d'origen marí.
335,César Mallorquí és un escriptor i periodista nascut a Barcelona.
336,Ja està a càrrec del banc.
337,Després en vindrien molts més.
338,Està enterrat al cementiri de Torredembarra.
339,Val més aprendre de vell que morir ruc.
340,Part d'això incloïa passades ràpides per Fair Isle i Groenlàndia.
341,Divendres na Farners voldria anar a Beuda.
342,Se solen menjar enrotllades com una neula.
343,Com era l'ambient al teatre?
344,Dimarts mon pare anirà al cinema.
345,Dissabte he d'anar a Castellcir amb autobús.
346,Actualment es troba ben arranjada i visitable.
347,L'estàtua fou descoberta a les restes d'un palau imperial.
348,Dijous he d'anar a la Galera amb autobús.
349,El moviment va ser declarat com a heretge per l'Església.
350,Actualment ostenta el càrrec de vicepresident del Consell General.
351,Dijous na Queralt anirà a visitar mon oncle.
352,No se sap quan va ser construït el pont.
353,Les golfes presenten dues finestres allargades.
354,"Encara adormit, Santorí és un volcà actiu."
355,Dic la meva sabent que tothom en pren nota.
356,La seva carn és molt apreciada.
357,La parella no va arribar a tenir fills.
358,L'edifici s'utilitzà posteriorment com a jardí d'infància.
359,Lviv és la ciutat natal polonesa d'altres esports.
360,"He vist néixer, créixer i expirar generacions senceres."
361,Conserva portes d'estil gòtic tardà amb arcs de diferents tipus.
362,Cal destacar el cobert realitzat amb fusta.
363,M'agradaria anar al carrer de Martí amb moto.
364,Una nit van anar al ball dels bombers locals.
365,"Amb les seves formacions trencades, l'exèrcit francès es retirà derrotat."
366,Per Cap d'Any na Dolça anirà a Real.
367,Les capelles presenten volta d'arestes.
368,Prop del mas hi ha un fossar particular.
369,"Estudià a Nova York, Berlín, París i Londres."
370,Cristòfor anava al comandament d'un dels vaixells.
371,El vint-i-tres de maig en Gerai va a Carcaixent.
372,Va passar la Guerra Civil a Madrid.
373,Ja no era considerat feudatari de Gwalior.
374,"El terrat, transitable, està enrajolat."
375,Els interessos econòmics no han d'imposar límits a la democràcia.
376,Dissabte na Dèlia anirà a Vilassar de Mar.
377,Només els atletes masculins van córrer aquesta distància.
378,Els sons del gong poden dependre de la seva afinació.
379,Separa les conques del Llobregat i el Besòs.
380,Ha aparegut igualment al Festival de Salzburg.
381,Doncs deixa d'actuar com si ho fossis.
382,Un policia assegut a la seva moto policial.
383,Els autors antics el presenten com a deforme i viciós.
384,La Universitat negocia el preu que pagarà per l'edifici.
385,Sir George Sitwell viu a Weston Hall.
386,Demà na Mariona va a Alaquàs.
387,Alguns dels seus senzills comptaven amb la vocalista sueca Therese.
388,Vull reservar un bar a Bonaparte Palau.
389,Es troba entre Xile i l'Argentina: l'Estret de Magallanes.
390,En aquesta època pintava sovint.
391,Els seus cossos són llargs amb forma de rata.
392,Per Sant Jordi na Vinyet vol anar al teatre.
393,Les mescles poden afegir caràcter o qualitat al vi.
394,És un dels primers bisbes del període musulmà.
395,"És, probablement, un dels pasdobles més coneguts."
396,Va anar a Faura amb cotxe.
397,William Boyd va ser educat a Glasgow.
398,Tot bon jugador sap com practicar les maniobres de distracció.
399,El producte de la reacció és glicerol i àcids grassos.
400,Dilluns na Thaís anirà a Gombrèn.
401,Els membres van triar principalment persones revolucionàries i creients.
402,Durant tota la seva adolescència va estudiar música.
403,La preocupació dels metges era que el crani estigués bé.
404,Ja ha adquirit aquesta qualitat màgica.
405,Demà passat en Guiu i na Gina aniran a Daimús.
406,El treball dels agricultors d'allà és magnífic.
407,Aquest és el punt projectat.
408,En el segon pati no hi ha cap element visible.
409,Dijous en Joan i na Laura aniran a Cervera.
410,Ha guanyat nombrosos premis i és considerada una excel·lent actriu.
411,La segona ronda estava envoltada de controvèrsia.
412,Vegeu la referència d’Arveson a continuació.
413,Per Cap d'Any na Carla i en Blai aniran d'excursió.
414,Què hi ha als jardins dels Doctors Dolsa número seixanta-set?
415,El vint-i-tres de maig en Miquel vol anar a Sempere.
416,És protegida com a bé cultural d'interès local.
417,Diumenge na Rosó i en Bru aniran a Son Servera.
418,Dijous en Marc i na Joana van a Anglesola.
419,La sagristia està darrere de l'església principal del monestir.
420,Diputat a les Corts Espanyoles durant la Segona República.
421,Aviat vaig adonar-me que aquella vegada era més difícil.
422,Quines mesures preveu cadascun dels cinc nivells de control epidemiològic?
423,Pol Llonch és un futbolista nascut a Barcelona.
424,Els clades són formats per famílies i ordres.
425,Dijous ma germana vol anar a la platja.
426,Qui hi ha al grup de captius britànics?
427,Doncs a última hora ho van aturar.
428,En aquesta zona es troba l'església de Sant Joan Baptista.
429,Però com es reconstrueixen les relacions?
430,Fidel era un jove mercader d'origen grec.
431,La família es troba a tot el món.
432,Aquest fet s’anomena terminació de la cadena.
433,"Malgrat els avenços científics, continua havent-hi moltes mancances."
434,Per Cap d'Any na Núria vol anar al metge.
435,Cabot era incapaç de cuidar-se a si mateixa.
436,La ramaderia dominant ha estat l'ovina.
437,Diumenge en Blai anirà a Torrella.
438,Va destacar com a pintor de paisatges.
439,És la seu del comtat de Stephens.
440,Els avis eren immigrants polonesos.
441,Qui domina el Kurdistan Meridional?
442,Estaven disponibles tant separats com empaquetats conjuntament.
443,Què venen al carrer del Paradís número setanta-quatre?
444,Era un home molt ric però poc decidit.
445,Dimecres na Txell i en Roc van a Òdena.
446,L'ogre en surt tot escuat.
447,"Restarà sempre com una gran amiga, a prop meu."
448,Vull anar a Dosaigües sense agafar el metro.
449,Parla amb sintagmes cada cop més llargs.
450,Com puc anar al carrer de l'Espinoi número noranta-quatre?
451,"Era un dels Nou Arcs, els enemics tradicionals d'Egipte."
452,Es requereixen dues condicions perquè això succeeixi.
453,M'estàs dient que tu i jo...?
454,"Que aquestes banderes aquí unides en amistat, així romanguin."
455,L'espectre pot dividir-se segons l'ús.
456,Demà en Bernat anirà a la biblioteca.
457,Divendres na Rosó i en Damià aniran a Alió.
458,S'obté mitjançant subscripció i no hi ha edició digital.
459,Es tracta del primer musical rodat en exteriors.
460,"Us importaria obrir la finestra, si us plau?"
461,Aquest fet canviarà les seves vides per sempre.
462,Una estrella de bronze indica la participació en una campanya.
463,El Tom té la sensació que són un matrimoni.
464,No us fieu del malalt que s'alça de nit.
465,Telefona a la Leia Basanta.
466,Dissabte en Pau vol anar al metge.
467,Tenia una porta renaixentista a la façana sud-est.
468,"Vull escriure llibres, va dir."
469,Tots els camins disposen d'enllumenat i estan perfectament habilitats.
470,Heu perdut la porteria de rugbi.
471,La interpretació correcta dels sinòptics és menys clara.
472,I són aplicables a tots els bitllets?
473,Un dels nans s'adona d'això i avisa els altres.
474,Els nous modes de transport requereixen una taxa virtual.
475,És membre del Club Natació Sabadell.
476,Conserva part de l'arrebossat original.
477,El nou d'octubre na Beth vol anar a Burjassot.
478,"L'obra es troba a la Galeria Borghese, Roma."
479,Els gimnastes realitzen moviments sincronitzats i danses.
480,Per això van incorporar idees de l'existencialisme francès.
481,Tot el contingut seguirà en línia.
482,"Es prepara per a exercir de casteller, tot amagant panxa."
483,Hi ha algun lampista als jardins de Villa Clara?
484,El Consell estava decidit a eliminar el terrorisme internacional.
485,Continuem lluitant pels drets civils i polítics.
486,Algunes espècies d'aquesta família són altament patògenes.
487,Em dic Margalida Bosch Torres.
488,He d'anar al carrer de Saragossa a peu.
489,Ell nega haver mort el coronel i se'n va.
490,Rossellini ho va negar rotundament.
491,"A la tornada, el diari en va ple."
492,Hi ha una escena en la qual dos homes conversen.
493,Com ho puc fer per anar a Rajadell dijous?
494,És un gènere dedicat a les noies.
495,Nosaltres volíem fer alguna cosa així.
496,La porta d'accés és dovellada.
497,L'última persona és un intèrpret.
498,En la seva vida privada va ser policia.
499,Dijous na Carla anirà a Manises.
500,No hi ha ni diàleg ni exposició literària de la trama.
501,Sopar popular i espectacles a la Pista Poliesportiva.
502,Metonímies que remeten a les creus.
503,Dilluns en Quim anirà a Millena.
504,Es troba a Xile i a Perú.
505,Està adscrita a l'Arquebisbat de Tarragona.
506,"En un cert sentit, conjunt d'objectes sense triar."
507,Dissabte en Mirt i na Judit aniran a Llambilles.
508,Llegiu la història que escriuen aquelles petjades sobre el verdet.
509,El model fou exhibit per primera vegada a l'Òpera d'Hamburg.
510,El pis superior presenta grans obertures d'arc de mig punt.
511,La seva loquacitat el sorprèn.
512,"Suporta l'anàlisi de programes estàtics, entre altres característiques."
513,Xavi Font és un compositor nascut a Bellpuig.
514,Dijous la Maria anirà a Esterri de Cardós.
515,El vint-i-nou de febrer na Nit vol anar al teatre.
516,Què té l'animal a les potes?
517,Anirem a Benidoleig amb moto.
518,Després d'això es va acordar una treva.
519,Està situat a la ruta de tren Bangalore - Gorakhpur.
520,Totes les finestres conserven la llinda de pedra.
521,L’Eric va esdevenir rei per decisió assembleària.
522,El partit s'enfoca principalment en la reducció d'impostos als ciutadans.
523,Demà passat n'Hug anirà a Vilanova de Prades.
524,També hi va acudir el governador de la Mauritània Tingitana.
525,És un arxiu de titularitat local.
526,El centre incloïa una sala d'hidroteràpia per a cada sexe.
527,Sílvia Espinosa i Mirabet és una periodista nascuda a Terrassa.
528,Com puc arribar a Colomers amb tren?
529,Les llengües celtes comencen la seva expansió a Europa.
530,Una persona amb aquesta ametropia pot tenir-la sense saber-ho.
531,Dimarts en Roc anirà al teatre.
532,"Per llarg camí, males sabates."
533,Aquesta espècie es considera un fòssil vivent.
534,Les torres presenten carreus més ben escairats als angles.
535,La sang oxigenada és roja per la presència d'hemoglobina.
536,Per Sant Jordi en Ton anirà a Carcaixent.
537,Neix al nord del Mas d'en Forn.
538,El deu d'agost n'Eulàlia i na Nàdia aniran al Soleràs.
539,La seva qualitat és àmpliament reconeguda.
540,Dimecres en Joel i na Laia aniran a Pinet.
541,També ha explicat que el tren no anava pas ple.
542,Ha estat ampliada i modificada posteriorment.
543,Diumenge na Joana anirà a Sant Boi de Llobregat.
544,No hi ha cap diferència en el significat.
545,El seu lloc en l'ordre de successió no està establert.
546,"Yassky va néixer a Kishinev, Rússia."
547,La seva esposa va morir un dia després.
548,Els baixos tenen dues finestres quadrades.
549,"En total, se'n conserven cinquanta fragments o cites."
550,És recordada per la història de Lucrècia.
551,Demà na Cloè anirà al metge.
552,Bebès a la carta: realitat o mite?
553,Quin dia és el mercat de Benilloba?
554,Amb aquesta pell va ordenar decorar les parets del castell.
555,És autora de diversos llibres sobre el tema.
556,M'agradaria anar a Pont de Molins amb bicicleta.
557,Com puc anar al carrer de Tortosa número setze?
558,Ràpidament es convertí en un dels grans del país.
559,El nou d'octubre en Quim va a Guimerà.
560,Es troba al mar Carib.
561,És l'edifici més alt del país.
562,El camí serpenteja per la riba escarpada del riu Coxs.
563,Això implica posar en perill una població enorme.
564,Vegeu alguns vídeos de l’acte.
565,En destaca la cuina tradicional.
566,Actualment és conservat a la Catedral de Torí.
567,Com ha arribat Teresa Colom?
568,Els trams cecs del parament estan absents de decoració.
569,Per Sant Jordi en Juli anirà a visitar mon oncle.
570,Aquesta té la forma dels braços d'un ventilador.
571,Llavors tornà a la gestió privada.
572,Els jueus s'ocupen dels seus.
573,Demà en Max anirà a Esterri de Cardós.
574,Un joc de miralls feia retornar un raig.
575,Molts actes avancen l'objectiu final de construir el dispositiu diari.
576,Finalment va ser nomenat Aeronauta Oficial de França.
577,Corona el frontispici un campanar de cadireta d'una sola campana.
578,Ell no correspon a l'afecte que li tens.
579,Demà passat n'Eulàlia i en Marcel volen anar al metge.
580,Els dos cossos tenen característiques semblants.
581,Residí molt de temps a Itàlia i Alemanya.
582,També treballà en l'edició crítica d'obres de diversos sants.
583,Al bell mig de mil.
584,El vint-i-nou de febrer en Grau anirà a Ginestar.
585,"Entre els molts cellers, n'hi ha un de cooperatiu."
586,Cobreix una part del crani.
587,Fou considerat un escriptor essencial de la literatura contemporània.
588,Amb aquest percentatge quedaria tercer.
589,A quina hora arriba l'autobús de Moià?
590,Sant de les Esglésies catòlica i ortodoxa.
591,Dijous na Frida i en Rauric aniran d'excursió.
592,"Algunes vegades, se'ls descrivia amb ales de ratapinyada."
593,Fer política és navegar entre contradiccions.
594,L'aigua que corre per la canal.
595,Diumenge na Beth i en Marcel aniran a Benlloc.
596,El vint-i-tres de maig na Jana vol anar al cinema.
597,Parlar clar i català vol dir parlar sense embuts.
598,"Abans, ell era joiós, amable i agradable."
599,Narius anteriors tubulars a cada costat de l'extrem del musell.
600,Dissabte en Quer vol anar al teatre.
601,Tot i que en aquella època no estaven tan esteses.
602,Li fa l'efecte que els cal una mica de silenci.
603,Ho hauria d’autoritzar el president de la cambra.
604,Actualment és secretari d'acció exterior de la Junta d'Andalusia.
605,També té una rica fauna.
606,Ciceró el va recomanar a Cèsar.
607,El deu d'agost en Marc anirà a visitar mon oncle.
608,El comerç es feia principalment amb el Sind.
609,Els més informats ho comenten amb els altres.
610,Destaquen les baranes de ferro dels balcons i finestres.
611,El calb ha perdut el gos.
612,L'aqüicultura és una indústria emergent als pobles costaners.
613,El deu d'agost na Gina vol anar al metge.
614,Comencem utilitzant el llindar superior per trobar l'inici d'una aresta.
615,"Carrer aproximadament rectilini, amb un trencall i dos eixamplaments."
616,Va estudiar treball forestal a la Universitat de Frankfurt.
617,Dissabte na Núria i n'Hug aniran a visitar mon oncle.
618,Demà passat n'Oriol i na Sança volen anar al cinema.
619,Dijous na Cora i en Pau aniran a Cabrils.
620,La rebuda va congregar una gran multitud.
621,T'asseguro que l'estampa és xocant.
622,"Qui amb cames d'altri camina, d'enfora tot ho afina."
623,Dissabte na Carla i en Blai aniran a la biblioteca.
624,És part de la gran entitat administrativa anomenada Divisió d'Indore.
625,Presons que remeten al món del futbol.
626,Quin soroll fa el gos?
627,Apaga el rentaplats a les dotze.
628,Demà ma germana va a Vilanova de Sau.
629,Quin any va néixer Diego Colón?
630,Fèlix Oliver treballà també com a pintor decoratiu.
631,El telèfon no para de sonar.
632,A quina hora passa el primer autobús per Alió dijous?
633,Dijous na Beth vol anar a la biblioteca.
634,I hi ha unes quantes hipòtesis cabdals.
635,Va fer els estudis al Conservatori de Praga.
636,T'enviliràs a la vila de santa Teresa.
637,Què hi ha al carrer Viladecavalls cantonada Ardena?
638,Altres companyies estaven interessades en el diari.
639,"Les golfes, afegides, són fetes d'obra i arrebossat."
640,En aquesta zona s'han trobat jaciments de gas.
641,Extrem que els ocells agiten per enlairar-se.
642,Això el va posar en contacte amb la història.
643,Dijous na Mariona anirà a València.
644,"En aquest període, havia gravat seixanta alfabets."
645,Anna Surinyach és una fotoperiodista nascuda a Barcelona.
646,No s'hi va presentar cap demòcrata.
647,Els noms Iwerne Courtney i Shroton tenen una llarga història.
648,El vint-i-tres de maig en Damià anirà d'excursió.
649,Uns canelons molt ben gratinats.
650,Hi ha algun lampista al carrer de Brussel·les?
651,"Va néixer a Victòria, Columbia Britànica, Canadà."
652,Entre els jugadors habituals la notícia cau com una bomba.
653,El nou d'octubre na Gina anirà a la platja.
654,"Quan pressiona l'arrel, es produeixen lesions neurològiques."
655,Que continueu gaudint del pont.
656,"N'és un representant als Països Catalans, el torlit."
657,Com van els tràmits per poder obtenir el visat?
658,Dema aniré a Sant Llorenç d'Hortons.
659,És quan xuta que perd el cap.
660,El model d'elecció indirecta s'aplica indistintament als països democràtics.
661,Un cop acabada la floració es recull per ser consumida.
662,Per Cap d'Any anem a visitar mon oncle.
663,Per aquest motiu la campana fou temporalment despenjada.
664,També tenia ramaderia ovina i aviram.
665,En alguns casos també canvia el timbre de la nota.
666,Dissabte na Neida anirà al teatre.
667,Dilluns en Gerai i na Sança aniran a Cabacés.
668,El seu argument és senzill i atractiu.
669,Està agermanada amb la ciutat de València als Països Catalans.
670,Els col·legis electorals són tota una altra incògnita.
671,És de color marró pàl·lid.
672,Aquella batucada al cul devia fer mal.
673,El Centre Agrícola era la societat dels propietaris rurals.
674,"Sèpals triangulars, de color castany."
675,Encara perviu a l'illa l'ús del crioll espanyol.
676,Demà na Nina anirà a la platja.
677,Els britànics varen respondre de seguida amb detencions en massa.
678,Has vist quins pantalons m'he comprat?
679,Divendres na Sol i en Marc aniran a Montcada.
680,Quantes peces de fruita has menjat avui?
681,El deu d'agost en Julià anirà a Colldejou.
682,Demà en Biel i na Clara aniran al Villar.
683,Per Cap d'Any en Biel anirà d'excursió.
684,Açò ha deslligat diverses llegendes urbanes.
685,El deu d'agost na Mariona va a Rabós.
686,"Com a resultat, va ser exclòs durant sis mesos."
687,No hi va haver segregació dels reclusos.
688,Dimarts en Mateu va a la Quar.
689,Esbravava el seu dolor plorant.
690,Dissabte na Nit i en Sam aniran a Tornabous.
691,"Les coses d'aquest món, verdes i madures són."
692,Encara avui en dia és una lectura escolar.
693,Treure-li la cera de les orelles.
694,Els herois acostumen a reflectir la filosofia zen.
695,Aquesta desviació arriba fins al Corrent d'Agulles.
696,En aquest moment no hi ha cap decisió presa.
697,Harmònicament també es considera una consonància perfecta.
698,Afrontat com un bergant de bosc.
699,La causa és un virus filtrable.
700,Aquest és un cas particular del principi d'indeterminació de Heisenberg.
701,El mas està ubicat just al límit del sòl urbà.
702,"Les taques de l'honra, el sabó no les renta."
703,Diumenge en Gil anirà a Carcaixent.
704,Va residir uns mesos a Barcelona.
705,Que presenta un esquelet gros.
706,Diumenge na Blanca anirà a la platja.
707,Fou membre també del Parlament Europeu.
708,Què és el que vol modificar?
709,Els murs són de carreus més o menys regulars.
710,Per la no discriminació lingüística.
711,Era molt barat! Només un parell d'euros!
712,"Uns dies més tard, va ser arrestat de nou."
713,Aquesta reacció es fa en un medi aquós.
714,"Està cobert amb un terrat, que no és original."
715,Vas poder negociar un preu reduït?
716,Andreu Missé i Ferran és un periodista nascut a Barcelona.
717,"Pels europeus però, era relativament benigna."
718,Programa la ràdio del rebedor.
719,Crec que hi haurà referèndum.
720,Llavors la casaren amb Conrad.
721,A l'agost fou nomenat director del Ministeri d'Afers Estrangers.
722,Va ser reubicat per la construcció del ferrocarril.
723,"D'hàbits monògams, defensen el seu territori."
724,La mascota oficial del club és un mosqueter.
725,"L'empresa té la seva seu a Atlanta, Geòrgia."
726,Quan apareixen a la Terra els mars de calcita?
727,"Moore va néixer i créixer a Baltimore, Maryland."
728,Ara produeix vi i roba de llana.
729,Dissabte na Sol i en Roger aniran a la biblioteca.
730,Els actors de Harry Potter van assistir al seu funeral.
731,Fou un escriptor suís en llengua alemanya.
732,Hi ha poques diferències entre els diferents dialectes.
733,"Terra negra, bona per sembrar."
734,Lund va ser membre fundador dels petits.
735,Opinió contraposada als Evangelis i a la tradició cristiana primitiva.
736,"Va tornar a la ciutat natal, Barcelona."
737,La meva dona no vol planxar-me les camises.
738,"I el conglomerat dels seus socis, tampoc."
739,Divendres na Queralt anirà d'excursió.
740,Aquestes tortugues són de closca tova.
741,"Llavors, els nens van desaparèixer a la selva."
742,Es considera normalment una superstició.
743,Ha treballat com a graduada social i administradora de finques.
744,"Es troba a Costa d'Ivori, Ghana i Nigèria."
745,No pensen sinó a solaçar-se.
746,"A més, en aquests casos poden fer rebaixes tributàries."
747,Però aquesta demarcació no és prou segura.
748,Cúmul d'elements favorables al president de la Generalitat.
749,La mortalitat disminueix a mesura que augmenta l'edat.
750,Cridar com un corb en plena jornada castellera.
751,El nou d'octubre na Joana vol anar al teatre.
752,Recentment han estat descobertes algunes pintures fetes per Caterina.
753,Dissabte en Marc i na Laura aniran a la biblioteca.
754,L'aixecada sol anar acompanyada d'un espectacle o cercavila.
755,Quins aspectes no va apreciar el públic?
756,El vint-i-tres de maig en Roc anirà d'excursió.
757,A quina hora passa el primer autobús per Estivella divendres?
758,Està associat amb Sant Jordi a la regió de Bahia.
759,Va ser una sorpresa per a mi.
760,A la vora s'hi cultivava arròs.
761,A l'estiu de vegades el riu s'asseca.
762,La idea d'un cop d'estat ja estava madura.
763,Lillywhite va deixar de pagar el seu deute.
764,El parament romànic és de carreus petits i rectangulars.
765,Li agrada el vi negre.
766,No tinc cap dubte que està terriblement disgustada.
767,A El Ràfol d'Almúnia hi ha estació de tren?
768,L'alemany aspira les oclusives sordes.
769,La seva capital estava a Pavia.
770,Menjar-se els queviures que altres persones necessitaven.
771,Dilluns na Queralt anirà a Alcover.
772,Us estiràveu o us estireu.
773,La decoració és d'estil barroc.
774,Juntament amb l'atletisme fou l'esport que reuní més participants forans.
775,Ho pateixen força els nois de l'equip Ausiàs March.
776,L'alcàsser cremà durant quatre dies i quedà reduït a runes.
777,Com podem anar fins a Llíber?
778,Jordi Creus és un jugador de bàsquet nascut a Ripollet.
779,La Dols ha reconegut el llibre de seguida.
780,Els catalans admirem la política danesa.
781,Per un full de ruta sobiranista!
782,La perfecció absoluta no existeix fora de mi.
783,La paranoia i el dubte s'estenen.
784,Emili Prunés i Sató és un polític nascut a Manresa.
785,Demà he d'anar a Cornudella de Montsant amb autobús.
786,Demà passat na Berta anirà al metge.
787,També ha demanat silenci als mitjans.
788,Espanya serà sancionada per la Unió Europea.
789,Al club mai arribà a ser titular indiscutible.
790,Dimecres en Marcel anirà a Campanet.
791,Al segle passat era una cabana abandonada.
792,No et faria mal per res del món.
793,El nou d'octubre n'Hug vol anar d'excursió.
794,"A més de l'àrea expositiva, conté laboratoris i magatzems."
795,Sant Andreu de la Barca és un bon lloc per anar-hi.
796,La decoració va ser lloada.
797,Divendres na Dàlia anirà al teatre.
798,Fou controlada al cap d'uns anys de lluita.
799,El nou d'octubre en Bernat anirà al metge.
800,El vint-i-tres de maig na Xènia vol anar al cinema.
801,Això conclou el missatge de Crist.
802,"Té censades quatre habitants, persones ja grans."
803,El material del qual estan fetes és pedra revestida.
804,Els altres van alçar el vol entre les flames.
805,"No hi ha dret, tota aquesta repressió."
806,Fou l'actor dramàtic francès més rellevant del seu temps.
807,He d'anar al carrer dels Brocaters sense agafar el metro.
808,Va ser assassinat mentre lluitava al costat dels anglesos.
809,Trucava per cancel·lar el contracte.
810,Es va distingir cantant en els concerts.
811,Carme Torras Comellas és una artista nascuda a Manresa.
812,"Jo no li he fet res, Modesta."
813,Els ingredients bàsics són el formatge i l'all.
814,Tenen un fort sentit de la identitat tribal.
815,L'usuari demana un nou servei.
816,El castell era basat sobre un penyal.
817,"Tanmateix, a vegades són aberracions urbanístiques."
818,Furtaré el nom a en Robert.
819,José Gabriel Alonso Pascual és un ciclista nascut a Barcelona.
820,Diumenge na Sara va a Sant Joan Despí.
821,L'exterior és conopial i les tres interiors apuntades.
822,Que no té cap mena de senderi.
823,Josep Gomis i Martí és un polític nascut a Montblanc.
824,"D'una banda era princesa i de l'altra, la fundadora."
825,Diumenge na Zoè anirà a Barxeta.
826,Vull anar al Pla de Santa Maria amb tren.
827,Ha participat en dues edicions del Ral·li Dakar.
828,Conté sis moviments i dura aproximadament quaranta minuts.
829,També se'n troba de manera massiva.
830,La seva dieta inclou també fruits i flors.
831,Quan passa l'autobús pel carrer Berlín?
832,Les seves accions innocents tindran fosques repercussions.
833,La seva cremació va ser supervisada per monjos budistes.
834,Venia gent de totes parts.
835,La bugada no es farà sola.
836,Era una casa senyorial amb finestrals gòtics.
837,"Posteriorment les emissions seran irregulars, sense horari establert."
838,Aquí en teniu el programa.
839,Posteriorment va ésser completament restaurat.
840,Els civils holandesos també van ser retinguts en aquests camps.
841,He d'anar al carrer de Jaume Pinent amb trasport públic.
842,Divendres na Neida anirà d'excursió.
843,Així que actualment realitza les dues activitats.
844,I quantes hores vols llogar la sala?
845,No cal fer tant de rebombori per amagar-se...
846,Dimecres na Clara i en Nil aniran a Binissalem.
847,Dos tes sense sucre.
848,Per Cap d'Any na Sira anirà a Càrcer.
849,Expel·lir ventositats gàstriques per via oral.
850,Què hi ha al carrer Pou cantonada Provença?
851,Alguns epigrames d'aquest poeta es troben a l'antologia grega.
852,L'acta original es troba guardada a l'Arxiu Parlamentari britànic.
853,L'administració emetrà una nova resolució de l'autorització d'emissions.
854,Línies que uneixen les ciutats d'una manera molt ràpida.
855,"Porta vestit llarg, capa i botes."
856,És el primer satèl·lit de comunicacions d'Angola.
857,"A més, el vent hi bufarà amb força."
858,El vint-i-nou de febrer na Mireia anirà a l'Albagés.
859,Nipona com la bandera del puntet roig.
860,Això s'ha espatllat: ja ho pots fotre a mar!
861,Els escriptors escriuen cartes amb preguntes per proposar idees.
862,"És originari de Mèxic, Hondures i Nicaragua."
863,"És una masia habitada, centre d'una explotació agropecuària."
864,Les dades es transmeten en datagrames.
865,Els serveis de mercaderies operen set dies per setmana.
866,Dues persones estan assegudes al camí.
867,També s'organitza un sorteig d'un pernil.
868,No es troben al Mar Mediterrani.
869,El que traça més diagonals a l'escaquer.
870,No es troba durant el període republicà.
871,L’Artur va combatre així als anglesos des de ben jove.
872,El campus va ser traslladat a Ariel.
873,Tot això va inquietar als portuguesos.
874,Diumenge na Dàlia anirà a visitar mon oncle.
875,Els dos són cosins primers.
876,Aquest és l'actual Pantà de Santa Fe.
877,Dimarts en Mateu i na Judit aniran a la Llacuna.
878,Tarragona és un bon lloc per anar-hi.
879,Dissabte en Quel anirà a visitar mon oncle.
880,Què hi ha al carrer Brussel·les cantonada Miracle?
881,Demà passat en Roger anirà al cinema.
882,Demà en Martí i na Clara aniran a Alfés.
883,Ells farien la revenja quatre anys més tard.
884,Demà en Jan i na Sança aniran a Parlavà.
885,El seu germà Pierre també fou futbolista.
886,Pot ser extret com a mena del metall de níquel.
887,És un dels més grans de la província.
888,Des de llavors van romandre lleials a Esparta.
889,És popular com a planta ornamental.
890,Dissabte na Carla anirà a Torà.
891,Què venen al carrer dels Tres Llits número cinquanta?
892,Jo vaig tornar al meu lloc del terrat.
893,Vaig als jardins de Rosa Luxemburg.
894,Feinada de por que caracteritza la població activa.
895,La façana principal conserva finestres amb brancals de pedra.
896,Una característica és que ha de dur carn o peix.
897,Les llums es carreguen a la mateixa estació.
898,"Quinze anys després, l’escenari es repeteix."
899,Deu haver sortit a fumar.
900,Mentre s'allunyava em va venir un rot agre.
901,El seu hàbitat natural són els boscos tropicals perennifolis.
902,Absència de tentacles als maxil·lars.
903,Va començar venent televisors a domicili mentre estudiava ciències econòmiques.
904,Si suques el pa amb tomàquet t'enllepissaràs les mans.
905,"Vols dir que no ho sap, ja?"
906,Però encara no sabem per què ho va fer.
907,Els diputats han pogut fer els tràmits sense manilles.
908,Semblava un estat de setge.
909,Vaig als jardins de Llucmajor.
910,Els senyals de les vies dels icosanoides són complexos.
911,Parlàvem amb les boques inflamades.
912,Per Cap d'Any na Tura anirà a Son Servera.
913,Els primers set comtats van ser després reanomenats.
914,"Va néixer a Hamilton, Massachusetts."
915,Es considera l'hereu de l'equip Carrera.
916,D'adolescents es van convertir en molt bons amics.
917,Quan passa l'autobús per Sant Iscle de Vallalta?
918,En els altres districtes circulava la moneda britànica.
919,A causa de la seva educació sovint l'interrompien.
920,Això ens fa guanyadors segurs.
921,Hauria d'anar al carrer del Saüc número quaranta-u.
922,"Ase que brama, set anys més de món."
923,Totes les unitats tenen únicament seients de classe estàndard.
924,Divendres na Sança anirà al metge.
925,Llavors recluta dos assassins per eliminar la seva muller.
926,El campus satèl·lit Spring Valley ha sigut suspès.
927,"El seu pare és andalús i sa mare, catalana."
928,I això situa el debat en un nivell diferent.
929,"Menja cucs, insectes i petits crustacis."
930,L'autor tracta de l'evolució dels sons llatins en català.
931,La majoria segueixen un mateix patró.
932,Se n'exclouen els concerts adreçats al públic en general.
933,"Hi ha molts centres educatius que estan preparats, sí."
934,"Sens dubte, n'hi havia massa a l'aire."
935,"Sota aquest símbol, un sol surt darrere el globus."
936,Demà passat en Quel i na Nit aniran al metge.
937,El nou d'octubre na Bruna anirà a la biblioteca.
938,"Si tens por, compra't un gos."
939,"Faci un temps rúfol, dolent."
940,La lliga ha estat patrocinada diversos anys.
941,El vint-i-tres de maig anem d'excursió.
942,Demà passat aniran al teatre.
943,El deu d'agost na Thaís anirà a Soriguera.
944,Els segueix en les seves aventures.
945,Dimarts na Greta i en Gerard van a Bellprat.
946,Dilluns en Quim anirà a Cornellà del Terri.
947,Els britànics van enviar tropes de l'Índia.
948,Cosir els mitjons perquè no tinguin forats.
949,Un informal Consell de Caçadors resolia les disputes.
950,La nena de rosa es diverteix fent puenting.
951,El nou d'octubre n'Oriol i na Sança aniran d'excursió.
952,"Normal, però tirant a bé."
953,Se senten integrats en un entorn determinat.
954,Els carreus de la cadena cantonera són visibles.
955,Començar a caure la tarda.
956,"És un peix marí, demersal i de clima tropical."
957,És precisament l'alternança que derivà en guerra.
958,Les ombres es tornen mobles.
959,Manuel Delgado Ruiz és un antropòleg nascut a Barcelona.
960,Dilluns ens preguntaran els verbs irregulars.
961,És un sòlid entre vermell i taronja-vermell.
962,La ciutat podria ser l'emplaçament d'Antioquia a Mesopotamia.
963,És un dels asteroides propers a la Terra més brillants.
964,Els encadenats més populars són els onomàstics.
965,Immediatament en Joan s'erigí com a pretendent carlí.
966,"Emplenar, signar i guardar els documents annexos."
967,Anirem a Traiguera amb bicicleta.
968,L'estudi va ser objecte d'una forta controvèrsia als Estats Units.
969,El territori ocupat per les carreteres resulta molt gran.
970,L'emperador la va deixar sota custòdia.
971,Dimecres en Roc anirà al cinema.
972,Deixar amb un pam de nas.
973,Les llindes i muntants d'obertures són de pedra.
974,"Al tercer dia, el peix comença a envoltar l'esquif."
975,Al costat esquerre hi ha dues finestres d'iguals característiques.
976,Demà na Queralt anirà a visitar mon oncle.
977,S'admeten noves vaixelles a l'altell.
978,Ara és propietat d'una empresa privada.
979,Sent el que no sé.
980,El nou d'octubre na Dolça va a Prat de Comte.
981,El vint-i-tres de maig en Cesc anirà a Ascó.
982,Fugir com un ca llebrer.
983,La Pobla de Mafumet es troba al Tarragonès.
984,Aquests petrells pelàgics habiten principalment a l'Hemisferi Sud.
985,Córrer bons o mals aires.
986,El termenal amb Sant Martí de Centelles hi passa arran.
987,També ha rebut el nom d’herba centella.
988,No es van reportar lesions.
989,També realitzà diverses campanyes a la península Ibèrica.
990,No vull marxar a casa.
991,La disponibilitat del saldo d'un compte d'aquest tipus és immediata.
992,"Comercialment, la gira va ser un èxit."
993,Quin dia i hora el va agafar?
994,Alcoletge és un bon lloc per anar-hi.
995,Dissabte na Dúnia i en Blai aniran a Corbera d'Ebre.
996,Per Cap d'Any en Miquel anirà al teatre.
997,Però aquestes negociacions no van donar cap resultat.
998,"Li agradaven el vi, les dones i la poesia."
999,Ja tenim un pla perfectament bo.
1000,Crit del gat enfurismat que estrafà la llengua de Crist.